protein_id	baseline	true_per_allele_lfc	true_dominance	is_responder	is_target	is_knockout
PROT_0000	22.9056	0.0	0.0	False	False	False
PROT_0001	24.1327	0.0	0.0	False	False	False
PROT_0002	25.03	0.0	0.0	False	False	False
PROT_0003	24.7109	0.0	0.0	False	False	False
PROT_0004	22.3606	0.0	0.0	False	False	False
PROT_0005	23.1683	0.0	0.0	False	False	False
PROT_0006	25.0588	0.0	0.0	False	False	False
PROT_0007	21.4959	0.0	0.0	False	False	False
PROT_0008	21.4591	0.0	0.0	False	False	False
PROT_0009	24.532	0.0	0.0	False	False	False
PROT_0010	27.186	0.0	0.0	False	False	False
PROT_0011	15.5	0.0	0.0	False	False	False
PROT_0012	22.7561	0.021	0.0	True	False	False
PROT_0013	20.9784	0.0	0.0	False	False	False
PROT_0014	23.5804	0.0	0.0	False	False	False
PROT_0015	21.9399	0.0	0.0	False	False	False
PROT_0016	22.5855	0.0	0.0	False	False	False
PROT_0017	23.9389	0.0	0.0	False	False	False
PROT_0018	23.4365	0.0	0.0	False	False	False
PROT_0019	24.7413	0.0	0.0	False	False	False
PROT_0020	21.705	0.0	0.0	False	False	False
PROT_0021	20.5388	0.1848	0.0	True	False	False
PROT_0022	18.5378	0.0	0.0	False	False	False
PROT_0023	22.6593	0.0	0.0	False	False	False
PROT_0024	22.3414	0.0	0.0	False	False	False
PROT_0025	22.0314	0.0	0.0	False	False	False
PROT_0026	23.9177	0.0	0.0	False	False	False
PROT_0027	20.5943	0.0	0.0	False	False	False
PROT_0028	21.8848	0.0	0.0	False	False	False
PROT_0029	25.4197	0.0	0.0	False	False	False
PROT_0030	20.4594	0.0	0.0	False	False	False
PROT_0031	21.6272	0.0	0.0	False	False	False
PROT_0032	26.0574	0.0	0.0	False	False	False
PROT_0033	27.9067	0.0	0.0	False	False	False
PROT_0034	17.455	0.0	0.0	False	False	False
PROT_0035	19.6973	0.0	0.0	False	False	False
PROT_0036	22.9127	0.0	0.0	False	False	False
PROT_0037	23.1422	0.0	0.0	False	False	False
PROT_0038	22.6309	0.0	0.0	False	False	False
PROT_0039	22.7986	-0.5718	0.0	True	False	False
PROT_0040	16.6871	0.0	0.0	False	False	False
PROT_0041	21.4933	0.0	0.0	False	False	False
PROT_0042	27.0	-2.2	0.77	False	True	False
PROT_0043	20.6142	0.0	0.0	False	False	False
PROT_0044	24.9364	0.0	0.0	False	False	False
PROT_0045	21.8903	0.0	0.0	False	False	False
PROT_0046	23.5097	0.0	0.0	False	False	False
PROT_0047	21.3333	0.0	0.0	False	False	False
PROT_0048	25.5228	0.0	0.0	False	False	False
PROT_0049	16.4952	0.0	0.0	False	False	False
PROT_0050	24.4226	0.0	0.0	False	False	False
PROT_0051	21.3842	0.0	0.0	False	False	False
PROT_0052	21.829	0.0	0.0	False	False	False
PROT_0053	26.0318	0.7111	0.0	True	False	False
PROT_0054	20.7966	0.0	0.0	False	False	False
PROT_0055	25.0538	0.0	0.0	False	False	False
PROT_0056	20.8474	0.0	0.0	False	False	False
PROT_0057	25.1895	0.0	0.0	False	False	False
PROT_0058	24.2479	0.2643	0.0	True	False	False
PROT_0059	23.6805	-0.0335	0.0	True	False	False
PROT_0060	23.0511	0.0	0.0	False	False	False
PROT_0061	24.4886	0.0	0.0	False	False	False
PROT_0062	25.1031	0.0	0.0	False	False	False
PROT_0063	22.9888	0.3842	-0.2497	True	False	False
PROT_0064	25.0861	0.0	0.0	False	False	False
PROT_0065	20.0359	0.0	0.0	False	False	False
PROT_0066	20.9318	0.0	0.0	False	False	False
PROT_0067	23.5147	-0.3921	0.2548	True	False	False
PROT_0068	28.3328	0.0	0.0	False	False	False
PROT_0069	21.5671	0.0	0.0	False	False	False
PROT_0070	22.9548	0.0	0.0	False	False	False
PROT_0071	21.1791	0.0	0.0	False	False	False
PROT_0072	18.9192	0.0	0.0	False	False	False
PROT_0073	23.8804	0.0	0.0	False	False	False
PROT_0074	22.1062	0.0	0.0	False	False	False
PROT_0075	23.945	0.0	0.0	False	False	False
PROT_0076	19.7865	0.0	0.0	False	False	False
PROT_0077	23.0249	0.0	0.0	False	False	False
PROT_0078	23.5814	0.0	0.0	False	False	False
PROT_0079	16.3607	0.0	0.0	False	False	False
PROT_0080	25.1502	0.0	0.0	False	False	False
PROT_0081	22.8868	0.0	0.0	False	False	False
PROT_0082	22.952	0.0	0.0	False	False	False
PROT_0083	22.3395	0.0	0.0	False	False	False
PROT_0084	21.513	0.0	0.0	False	False	False
PROT_0085	23.7276	0.0	0.0	False	False	False
PROT_0086	18.8256	0.0	0.0	False	False	False
PROT_0087	23.721	0.0	0.0	False	False	False
PROT_0088	23.4951	0.0	0.0	False	False	False
PROT_0089	22.8526	0.0	0.0	False	False	False
PROT_0090	23.977	0.0	0.0	False	False	False
PROT_0091	26.3894	0.0	0.0	False	False	False
PROT_0092	23.3559	0.0	0.0	False	False	False
PROT_0093	19.6452	0.0	0.0	False	False	False
PROT_0094	20.2842	0.0	0.0	False	False	False
PROT_0095	20.9621	0.0	0.0	False	False	False
PROT_0096	19.68	0.0	0.0	False	False	False
PROT_0097	19.7403	0.0	0.0	False	False	False
PROT_0098	19.6801	0.0	0.0	False	False	False
PROT_0099	25.9193	0.0	0.0	False	False	False
PROT_0100	25.9371	0.0	0.0	False	False	False
PROT_0101	20.8075	0.0	0.0	False	False	False
PROT_0102	23.7415	-0.0449	0.0	True	False	False
PROT_0103	23.3106	0.0	0.0	False	False	False
PROT_0104	27.0342	0.0	0.0	False	False	False
PROT_0105	18.9109	0.0	0.0	False	False	False
PROT_0106	22.8069	0.0	0.0	False	False	False
PROT_0107	21.0387	0.0	0.0	False	False	False
PROT_0108	22.4644	0.0	0.0	False	False	False
PROT_0109	22.2667	0.0	0.0	False	False	False
PROT_0110	20.48	0.0	0.0	False	False	False
PROT_0111	24.5843	0.0	0.0	False	False	False
PROT_0112	24.9755	0.0	0.0	False	False	False
PROT_0113	18.5941	0.0	0.0	False	False	False
PROT_0114	25.9088	0.0	0.0	False	False	False
PROT_0115	25.6605	0.0	0.0	False	False	False
PROT_0116	28.2977	0.0	0.0	False	False	False
PROT_0117	24.0109	0.0	0.0	False	False	False
PROT_0118	26.2413	0.0	0.0	False	False	False
PROT_0119	22.5584	0.0	0.0	False	False	False
PROT_0120	21.8661	0.0	0.0	False	False	False
PROT_0121	26.4129	0.0	0.0	False	False	False
PROT_0122	22.1507	0.0	0.0	False	False	False
PROT_0123	21.8237	0.0	0.0	False	False	False
PROT_0124	23.4588	0.0	0.0	False	False	False
PROT_0125	23.3599	0.0	0.0	False	False	False
PROT_0126	21.8151	0.0	0.0	False	False	False
PROT_0127	25.2737	0.0	0.0	False	False	False
PROT_0128	23.6752	0.0	0.0	False	False	False
PROT_0129	24.6105	0.0	0.0	False	False	False
PROT_0130	25.263	0.0	0.0	False	False	False
PROT_0131	25.7713	0.0	0.0	False	False	False
PROT_0132	22.5188	0.0	0.0	False	False	False
PROT_0133	26.1396	0.0	0.0	False	False	False
PROT_0134	28.7845	0.0	0.0	False	False	False
PROT_0135	24.088	0.0	0.0	False	False	False
PROT_0136	22.3091	0.0	0.0	False	False	False
PROT_0137	18.043	0.0	0.0	False	False	False
PROT_0138	18.3048	0.0	0.0	False	False	False
PROT_0139	23.0701	0.4938	0.0	True	False	False
PROT_0140	20.7143	0.0	0.0	False	False	False
PROT_0141	24.2693	-0.1684	0.0	True	False	False
PROT_0142	25.7071	0.0	0.0	False	False	False
PROT_0143	23.7551	0.0	0.0	False	False	False
PROT_0144	19.8899	0.0	0.0	False	False	False
PROT_0145	19.1832	0.0	0.0	False	False	False
PROT_0146	20.3827	0.0	0.0	False	False	False
PROT_0147	25.2139	0.0	0.0	False	False	False
PROT_0148	24.7735	0.0	0.0	False	False	False
PROT_0149	23.0216	0.0	0.0	False	False	False
PROT_0150	22.8467	0.0	0.0	False	False	False
PROT_0151	25.985	0.0	0.0	False	False	False
PROT_0152	22.4899	-0.2599	0.0	True	False	False
PROT_0153	26.6252	0.0	0.0	False	False	False
PROT_0154	23.7029	0.0	0.0	False	False	False
PROT_0155	22.3174	0.0	0.0	False	False	False
PROT_0156	22.0191	0.0	0.0	False	False	False
PROT_0157	24.4393	0.0	0.0	False	False	False
PROT_0158	24.8362	0.0	0.0	False	False	False
PROT_0159	20.4542	0.0	0.0	False	False	False
PROT_0160	26.6611	0.0	0.0	False	False	False
PROT_0161	18.1473	0.0	0.0	False	False	False
PROT_0162	23.5445	0.0	0.0	False	False	False
PROT_0163	27.0487	0.0	0.0	False	False	False
PROT_0164	18.6712	0.0	0.0	False	False	False
PROT_0165	22.711	0.0	0.0	False	False	False
PROT_0166	23.0016	0.0	0.0	False	False	False
PROT_0167	17.4333	-0.5543	0.3603	True	False	False
PROT_0168	23.7602	0.0	0.0	False	False	False
PROT_0169	23.2039	0.0	0.0	False	False	False
PROT_0170	20.4025	0.0	0.0	False	False	False
PROT_0171	24.9666	0.0	0.0	False	False	False
PROT_0172	17.7157	0.0	0.0	False	False	False
PROT_0173	17.5723	0.0	0.0	False	False	False
PROT_0174	25.8238	0.0	0.0	False	False	False
PROT_0175	23.9929	0.0	0.0	False	False	False
PROT_0176	20.3956	0.0	0.0	False	False	False
PROT_0177	20.8724	0.0	0.0	False	False	False
PROT_0178	18.1866	0.0	0.0	False	False	False
PROT_0179	19.874	0.0	0.0	False	False	False
PROT_0180	19.4256	0.2477	-0.161	True	False	False
PROT_0181	24.6013	0.0	0.0	False	False	False
PROT_0182	21.7273	0.0	0.0	False	False	False
PROT_0183	21.2112	0.0	0.0	False	False	False
PROT_0184	24.7159	0.0	0.0	False	False	False
PROT_0185	23.8532	0.0	0.0	False	False	False
PROT_0186	25.8367	0.0	0.0	False	False	False
PROT_0187	18.8006	0.0	0.0	False	False	False
PROT_0188	26.3677	0.0	0.0	False	False	False
PROT_0189	23.9346	0.0	0.0	False	False	False
PROT_0190	21.7495	0.5465	-0.3552	True	False	False
PROT_0191	25.2529	0.0	0.0	False	False	False
PROT_0192	27.8231	0.0	0.0	False	False	False
PROT_0193	22.5779	0.0	0.0	False	False	False
PROT_0194	22.5228	0.0	0.0	False	False	False
PROT_0195	21.8995	0.0	0.0	False	False	False
PROT_0196	17.8478	0.0	0.0	False	False	False
PROT_0197	26.4176	0.0	0.0	False	False	False
PROT_0198	24.5322	0.0	0.0	False	False	False
PROT_0199	24.2429	0.0	0.0	False	False	False
PROT_0200	24.6627	0.0	0.0	False	False	False
PROT_0201	21.6596	0.0	0.0	False	False	False
PROT_0202	28.7766	-0.0647	0.0	True	False	False
PROT_0203	23.3384	0.0	0.0	False	False	False
PROT_0204	22.1174	0.0	0.0	False	False	False
PROT_0205	19.8833	0.0	0.0	False	False	False
PROT_0206	29.8715	0.0	0.0	False	False	False
PROT_0207	25.1788	0.0	0.0	False	False	False
PROT_0208	25.3106	0.0	0.0	False	False	False
PROT_0209	24.034	0.0	0.0	False	False	False
PROT_0210	19.5583	0.0	0.0	False	False	False
PROT_0211	25.1958	0.0	0.0	False	False	False
PROT_0212	21.9806	0.0	0.0	False	False	False
PROT_0213	21.3296	0.0	0.0	False	False	False
PROT_0214	26.6317	0.0	0.0	False	False	False
PROT_0215	22.5978	0.0	0.0	False	False	False
PROT_0216	21.4834	0.0	0.0	False	False	False
PROT_0217	18.4504	0.0	0.0	False	False	False
PROT_0218	19.2609	0.0	0.0	False	False	False
PROT_0219	23.1452	0.0	0.0	False	False	False
PROT_0220	23.8535	0.0	0.0	False	False	False
PROT_0221	24.2958	0.0	0.0	False	False	False
PROT_0222	21.2683	0.0	0.0	False	False	False
PROT_0223	21.8255	0.0	0.0	False	False	False
PROT_0224	24.6657	0.0	0.0	False	False	False
PROT_0225	20.1572	0.0	0.0	False	False	False
PROT_0226	18.3196	0.0	0.0	False	False	False
PROT_0227	23.3015	0.0	0.0	False	False	False
PROT_0228	24.0045	0.0	0.0	False	False	False
PROT_0229	19.2641	0.0	0.0	False	False	False
PROT_0230	27.948	0.0	0.0	False	False	False
PROT_0231	21.7594	0.0	0.0	False	False	False
PROT_0232	21.2906	0.0	0.0	False	False	False
PROT_0233	26.5519	0.0	0.0	False	False	False
PROT_0234	21.5995	0.0	0.0	False	False	False
PROT_0235	21.3449	0.0	0.0	False	False	False
PROT_0236	19.7671	0.0	0.0	False	False	False
PROT_0237	24.6951	0.0	0.0	False	False	False
PROT_0238	21.2513	0.0	0.0	False	False	False
PROT_0239	25.5094	0.0	0.0	False	False	False
PROT_0240	22.0086	0.0	0.0	False	False	False
PROT_0241	20.8383	0.0	0.0	False	False	False
PROT_0242	26.5672	0.0	0.0	False	False	False
PROT_0243	25.4923	0.0	0.0	False	False	False
PROT_0244	21.3045	0.0	0.0	False	False	False
PROT_0245	21.8049	0.0	0.0	False	False	False
PROT_0246	24.974	0.0	0.0	False	False	False
PROT_0247	20.9747	0.5699	-0.3704	True	False	False
PROT_0248	21.1666	0.0	0.0	False	False	False
PROT_0249	20.0078	0.0	0.0	False	False	False
PROT_0250	23.3443	0.0	0.0	False	False	False
PROT_0251	23.2865	0.0	0.0	False	False	False
PROT_0252	26.0942	0.0	0.0	False	False	False
PROT_0253	21.6971	0.0	0.0	False	False	False
PROT_0254	20.1055	0.0	0.0	False	False	False
PROT_0255	22.4232	0.0	0.0	False	False	False
PROT_0256	24.3697	0.0	0.0	False	False	False
PROT_0257	19.0703	0.0	0.0	False	False	False
PROT_0258	25.3173	0.0	0.0	False	False	False
PROT_0259	23.7722	0.0	0.0	False	False	False
PROT_0260	23.66	0.0	0.0	False	False	False
PROT_0261	24.2892	0.0	0.0	False	False	False
PROT_0262	20.9095	0.0	0.0	False	False	False
PROT_0263	20.9215	0.0	0.0	False	False	False
PROT_0264	27.1864	0.0	0.0	False	False	False
PROT_0265	22.1251	0.0	0.0	False	False	False
PROT_0266	26.2471	0.0	0.0	False	False	False
PROT_0267	22.5046	0.0	0.0	False	False	False
PROT_0268	19.018	0.0	0.0	False	False	False
PROT_0269	22.0629	0.0	0.0	False	False	False
PROT_0270	22.5609	0.0	0.0	False	False	False
PROT_0271	21.9894	0.0	0.0	False	False	False
PROT_0272	24.8942	0.0	0.0	False	False	False
PROT_0273	23.3869	0.0	0.0	False	False	False
PROT_0274	24.4111	0.0	0.0	False	False	False
PROT_0275	25.0317	0.0	0.0	False	False	False
PROT_0276	23.4736	0.0	0.0	False	False	False
PROT_0277	26.0439	0.0	0.0	False	False	False
PROT_0278	23.7285	0.0	0.0	False	False	False
PROT_0279	22.7523	0.0	0.0	False	False	False
PROT_0280	20.688	0.0	0.0	False	False	False
PROT_0281	26.7875	0.0	0.0	False	False	False
PROT_0282	25.5913	0.0	0.0	False	False	False
PROT_0283	22.4988	0.0	0.0	False	False	False
PROT_0284	23.2317	0.0	0.0	False	False	False
PROT_0285	21.4749	0.0	0.0	False	False	False
PROT_0286	21.4328	0.0	0.0	False	False	False
PROT_0287	20.3934	0.0	0.0	False	False	False
PROT_0288	21.0445	0.0	0.0	False	False	False
PROT_0289	21.9747	0.0	0.0	False	False	False
PROT_0290	24.258	0.0	0.0	False	False	False
PROT_0291	19.763	0.0	0.0	False	False	False
PROT_0292	22.6528	0.0	0.0	False	False	False
PROT_0293	21.4488	0.0	0.0	False	False	False
PROT_0294	22.0663	0.0	0.0	False	False	False
PROT_0295	27.364	0.0	0.0	False	False	False
PROT_0296	20.2443	0.0	0.0	False	False	False
PROT_0297	23.5313	0.0	0.0	False	False	False
PROT_0298	24.943	0.0	0.0	False	False	False
PROT_0299	20.8699	0.0	0.0	False	False	False
PROT_0300	22.8158	0.0	0.0	False	False	False
PROT_0301	24.6248	0.0	0.0	False	False	False
PROT_0302	24.4117	0.0	0.0	False	False	False
PROT_0303	20.4895	0.0	0.0	False	False	False
PROT_0304	24.4749	0.0	0.0	False	False	False
PROT_0305	19.5934	0.0	0.0	False	False	False
PROT_0306	21.209	0.0	0.0	False	False	False
PROT_0307	20.9042	0.0	0.0	False	False	False
PROT_0308	21.1969	0.0	0.0	False	False	False
PROT_0309	18.7514	0.0	0.0	False	False	False
PROT_0310	23.5782	0.0	0.0	False	False	False
PROT_0311	30.0613	0.0	0.0	False	False	False
PROT_0312	24.757	0.0	0.0	False	False	False
PROT_0313	25.4875	0.0	0.0	False	False	False
PROT_0314	25.0129	0.0	0.0	False	False	False
PROT_0315	23.2622	0.0	0.0	False	False	False
PROT_0316	25.9474	0.0	0.0	False	False	False
PROT_0317	24.8321	0.0	0.0	False	False	False
PROT_0318	24.2423	0.0	0.0	False	False	False
PROT_0319	18.3641	0.0	0.0	False	False	False
PROT_0320	20.1512	0.0	0.0	False	False	False
PROT_0321	15.5	0.0	0.0	False	False	False
PROT_0322	18.6291	0.0	0.0	False	False	False
PROT_0323	21.5364	0.0	0.0	False	False	False
PROT_0324	21.186	0.0	0.0	False	False	False
PROT_0325	19.1573	0.0	0.0	False	False	False
PROT_0326	25.0249	0.0	0.0	False	False	False
PROT_0327	23.8889	0.0	0.0	False	False	False
PROT_0328	21.3033	0.0	0.0	False	False	False
PROT_0329	21.0078	0.0	0.0	False	False	False
PROT_0330	23.8869	0.0	0.0	False	False	False
PROT_0331	19.6586	0.0	0.0	False	False	False
PROT_0332	24.2262	0.0	0.0	False	False	False
PROT_0333	23.2965	0.0	0.0	False	False	False
PROT_0334	19.4106	0.0	0.0	False	False	False
PROT_0335	23.6297	0.0	0.0	False	False	False
PROT_0336	25.5763	0.0	0.0	False	False	False
PROT_0337	25.5586	0.0	0.0	False	False	False
PROT_0338	19.0728	0.0	0.0	False	False	False
PROT_0339	23.3301	0.0	0.0	False	False	False
PROT_0340	24.1699	0.0	0.0	False	False	False
PROT_0341	24.4468	0.0	0.0	False	False	False
PROT_0342	20.3054	0.0	0.0	False	False	False
PROT_0343	19.5799	0.0	0.0	False	False	False
PROT_0344	23.0258	0.0	0.0	False	False	False
PROT_0345	23.1063	0.0	0.0	False	False	False
PROT_0346	22.627	0.0	0.0	False	False	False
PROT_0347	21.4079	0.0	0.0	False	False	False
PROT_0348	19.6362	0.0	0.0	False	False	False
PROT_0349	24.503	-0.1764	0.1147	True	False	False
PROT_0350	19.9876	0.0	0.0	False	False	False
PROT_0351	20.0618	0.0	0.0	False	False	False
PROT_0352	19.6734	0.0	0.0	False	False	False
PROT_0353	22.0238	0.0	0.0	False	False	False
PROT_0354	26.2386	0.0	0.0	False	False	False
PROT_0355	25.2506	0.0	0.0	False	False	False
PROT_0356	21.7362	0.0	0.0	False	False	False
PROT_0357	21.6067	0.0	0.0	False	False	False
PROT_0358	25.8644	0.0	0.0	False	False	False
PROT_0359	20.2066	0.0	0.0	False	False	False
PROT_0360	24.942	0.0	0.0	False	False	False
PROT_0361	23.3862	0.0	0.0	False	False	False
PROT_0362	22.8357	0.0	0.0	False	False	False
PROT_0363	24.625	0.0	0.0	False	False	False
PROT_0364	19.3758	0.0	0.0	False	False	False
PROT_0365	21.725	0.0	0.0	False	False	False
PROT_0366	17.8385	0.0	0.0	False	False	False
PROT_0367	26.4725	0.0	0.0	False	False	False
PROT_0368	23.6239	0.0	0.0	False	False	False
PROT_0369	21.3618	0.0	0.0	False	False	False
PROT_0370	27.129	0.0	0.0	False	False	False
PROT_0371	23.5439	0.0	0.0	False	False	False
PROT_0372	25.0258	0.0	0.0	False	False	False
PROT_0373	18.3864	0.0	0.0	False	False	False
PROT_0374	21.6023	0.0	0.0	False	False	False
PROT_0375	20.93	0.0	0.0	False	False	False
PROT_0376	26.0637	0.0	0.0	False	False	False
PROT_0377	25.0302	0.0	0.0	False	False	False
PROT_0378	24.1643	0.0	0.0	False	False	False
PROT_0379	20.6412	0.0	0.0	False	False	False
PROT_0380	26.3073	0.0	0.0	False	False	False
PROT_0381	18.9232	0.0	0.0	False	False	False
PROT_0382	20.7149	0.0	0.0	False	False	False
PROT_0383	22.1378	0.0	0.0	False	False	False
PROT_0384	22.193	0.0	0.0	False	False	False
PROT_0385	25.449	0.0	0.0	False	False	False
PROT_0386	23.0232	0.0	0.0	False	False	False
PROT_0387	26.3436	0.0	0.0	False	False	False
PROT_0388	19.228	0.0	0.0	False	False	False
PROT_0389	22.5424	0.0	0.0	False	False	False
PROT_0390	25.9872	0.6762	0.0	True	False	False
PROT_0391	20.2249	0.0	0.0	False	False	False
PROT_0392	21.6263	0.0	0.0	False	False	False
PROT_0393	21.0619	0.0	0.0	False	False	False
PROT_0394	26.0398	0.0	0.0	False	False	False
PROT_0395	24.8951	0.0	0.0	False	False	False
PROT_0396	18.832	0.0	0.0	False	False	False
PROT_0397	20.9527	0.0	0.0	False	False	False
PROT_0398	25.2069	0.0	0.0	False	False	False
PROT_0399	24.7557	0.0	0.0	False	False	False
PROT_0400	30.4223	0.0	0.0	False	False	False
PROT_0401	24.7249	0.0	0.0	False	False	False
PROT_0402	22.432	0.0	0.0	False	False	False
PROT_0403	24.5697	0.0	0.0	False	False	False
PROT_0404	24.9844	0.0	0.0	False	False	False
PROT_0405	20.8677	0.0	0.0	False	False	False
PROT_0406	22.076	0.0	0.0	False	False	False
PROT_0407	21.1591	0.0	0.0	False	False	False
PROT_0408	20.6417	0.0	0.0	False	False	False
PROT_0409	26.2875	0.0	0.0	False	False	False
PROT_0410	19.772	0.0	0.0	False	False	False
PROT_0411	22.5516	0.0	0.0	False	False	False
PROT_0412	22.8251	0.0	0.0	False	False	False
PROT_0413	19.2321	0.0	0.0	False	False	False
PROT_0414	23.2422	0.0	0.0	False	False	False
PROT_0415	23.551	0.0	0.0	False	False	False
PROT_0416	23.2788	-0.0134	0.0	True	False	False
PROT_0417	22.3892	0.0	0.0	False	False	False
PROT_0418	26.0365	0.0	0.0	False	False	False
PROT_0419	23.7712	0.0	0.0	False	False	False
PROT_0420	29.8901	0.0	0.0	False	False	False
PROT_0421	27.8812	0.0	0.0	False	False	False
PROT_0422	26.3431	0.0	0.0	False	False	False
PROT_0423	21.4491	0.0	0.0	False	False	False
PROT_0424	20.6522	0.0	0.0	False	False	False
PROT_0425	24.8064	0.0	0.0	False	False	False
PROT_0426	27.1499	0.0	0.0	False	False	False
PROT_0427	23.1268	0.0	0.0	False	False	False
PROT_0428	22.4053	0.0	0.0	False	False	False
PROT_0429	22.4669	0.0	0.0	False	False	False
PROT_0430	22.3256	0.0	0.0	False	False	False
PROT_0431	22.5291	0.0	0.0	False	False	False
PROT_0432	20.2035	0.0	0.0	False	False	False
PROT_0433	22.7716	0.0	0.0	False	False	False
PROT_0434	21.924	0.0	0.0	False	False	False
PROT_0435	21.7904	0.0	0.0	False	False	False
PROT_0436	21.2859	0.0	0.0	False	False	False
PROT_0437	26.2692	0.0	0.0	False	False	False
PROT_0438	26.0047	0.0	0.0	False	False	False
PROT_0439	20.3383	0.0	0.0	False	False	False
PROT_0440	22.2042	0.0	0.0	False	False	False
PROT_0441	22.7774	0.0	0.0	False	False	False
PROT_0442	25.6247	0.0	0.0	False	False	False
PROT_0443	23.1357	0.0	0.0	False	False	False
PROT_0444	25.2557	0.0	0.0	False	False	False
PROT_0445	26.2025	0.0	0.0	False	False	False
PROT_0446	22.1896	0.0	0.0	False	False	False
PROT_0447	21.1969	0.0	0.0	False	False	False
PROT_0448	23.7114	0.0	0.0	False	False	False
PROT_0449	22.2499	0.0	0.0	False	False	False
PROT_0450	22.7639	0.0	0.0	False	False	False
PROT_0451	26.6047	0.0	0.0	False	False	False
PROT_0452	21.7226	0.0	0.0	False	False	False
PROT_0453	24.9797	0.0	0.0	False	False	False
PROT_0454	23.4532	0.0	0.0	False	False	False
PROT_0455	24.7993	0.0	0.0	False	False	False
PROT_0456	20.2278	0.0	0.0	False	False	False
PROT_0457	23.0926	0.0	0.0	False	False	False
PROT_0458	17.4288	0.0	0.0	False	False	False
PROT_0459	24.0548	0.0	0.0	False	False	False
PROT_0460	22.9643	0.0	0.0	False	False	False
PROT_0461	21.8436	0.0	0.0	False	False	False
PROT_0462	26.6354	0.0	0.0	False	False	False
PROT_0463	23.3604	0.0	0.0	False	False	False
PROT_0464	25.6707	0.0	0.0	False	False	False
PROT_0465	24.0043	0.0	0.0	False	False	False
PROT_0466	21.8975	0.0	0.0	False	False	False
PROT_0467	23.6917	0.0	0.0	False	False	False
PROT_0468	22.5118	0.0	0.0	False	False	False
PROT_0469	18.0592	0.0	0.0	False	False	False
PROT_0470	25.2729	0.0	0.0	False	False	False
PROT_0471	26.8742	0.0	0.0	False	False	False
PROT_0472	27.6517	0.0	0.0	False	False	False
PROT_0473	21.8695	0.0	0.0	False	False	False
PROT_0474	25.6625	0.0	0.0	False	False	False
PROT_0475	19.384	0.0	0.0	False	False	False
PROT_0476	26.068	0.0	0.0	False	False	False
PROT_0477	23.133	0.0	0.0	False	False	False
PROT_0478	26.5269	0.0	0.0	False	False	False
PROT_0479	24.8836	0.0	0.0	False	False	False
PROT_0480	21.0547	0.0	0.0	False	False	False
PROT_0481	22.3074	0.0	0.0	False	False	False
PROT_0482	21.9624	0.0	0.0	False	False	False
PROT_0483	24.5557	0.0	0.0	False	False	False
PROT_0484	26.0289	0.0	0.0	False	False	False
PROT_0485	18.8131	0.0	0.0	False	False	False
PROT_0486	21.2199	0.0	0.0	False	False	False
PROT_0487	24.1222	0.0	0.0	False	False	False
PROT_0488	21.4458	0.0	0.0	False	False	False
PROT_0489	22.5253	0.0	0.0	False	False	False
PROT_0490	22.8334	0.0	0.0	False	False	False
PROT_0491	23.5342	0.0	0.0	False	False	False
PROT_0492	24.3952	0.0	0.0	False	False	False
PROT_0493	22.8279	0.0	0.0	False	False	False
PROT_0494	24.1522	0.0	0.0	False	False	False
PROT_0495	19.968	0.0	0.0	False	False	False
PROT_0496	21.9586	0.0	0.0	False	False	False
PROT_0497	21.5968	0.0	0.0	False	False	False
PROT_0498	25.4383	0.0	0.0	False	False	False
PROT_0499	22.4155	0.0	0.0	False	False	False
PROT_0500	24.4829	0.0	0.0	False	False	False
PROT_0501	17.5879	0.0	0.0	False	False	False
PROT_0502	19.4772	0.0	0.0	False	False	False
PROT_0503	19.0519	0.0	0.0	False	False	False
PROT_0504	24.4124	0.0	0.0	False	False	False
PROT_0505	21.0673	0.0	0.0	False	False	False
PROT_0506	24.0724	0.0	0.0	False	False	False
PROT_0507	20.7753	0.0	0.0	False	False	False
PROT_0508	23.3921	0.0	0.0	False	False	False
PROT_0509	21.8514	0.0	0.0	False	False	False
PROT_0510	19.4673	0.0	0.0	False	False	False
PROT_0511	24.9544	0.0	0.0	False	False	False
PROT_0512	23.7406	0.0	0.0	False	False	False
PROT_0513	23.7827	0.0	0.0	False	False	False
PROT_0514	24.1198	0.0	0.0	False	False	False
PROT_0515	21.645	0.0	0.0	False	False	False
PROT_0516	23.2666	0.0	0.0	False	False	False
PROT_0517	21.104	0.0	0.0	False	False	False
PROT_0518	24.3729	0.0	0.0	False	False	False
PROT_0519	19.2804	0.0	0.0	False	False	False
PROT_0520	27.7896	0.0	0.0	False	False	False
PROT_0521	24.3391	0.0	0.0	False	False	False
PROT_0522	23.847	0.0	0.0	False	False	False
PROT_0523	20.5199	0.0	0.0	False	False	False
PROT_0524	27.4382	0.0	0.0	False	False	False
PROT_0525	24.5273	0.0	0.0	False	False	False
PROT_0526	25.4109	0.0	0.0	False	False	False
PROT_0527	24.626	0.4967	-0.3229	True	False	False
PROT_0528	24.8279	0.0	0.0	False	False	False
PROT_0529	26.5237	0.0	0.0	False	False	False
PROT_0530	22.9467	0.0	0.0	False	False	False
PROT_0531	24.0908	0.0	0.0	False	False	False
PROT_0532	22.8023	0.0	0.0	False	False	False
PROT_0533	23.2613	0.0	0.0	False	False	False
PROT_0534	25.5769	0.0	0.0	False	False	False
PROT_0535	26.8562	-0.1435	0.0933	True	False	False
PROT_0536	25.1954	0.0	0.0	False	False	False
PROT_0537	26.602	0.0	0.0	False	False	False
PROT_0538	24.2887	0.0	0.0	False	False	False
PROT_0539	20.5475	0.0	0.0	False	False	False
PROT_0540	15.5	0.0	0.0	False	False	False
PROT_0541	22.112	0.0	0.0	False	False	False
PROT_0542	20.3146	0.0	0.0	False	False	False
PROT_0543	18.1186	0.0	0.0	False	False	False
PROT_0544	25.2458	0.1997	0.0	True	False	False
PROT_0545	24.3486	0.0	0.0	False	False	False
PROT_0546	21.8565	0.0	0.0	False	False	False
PROT_0547	16.3911	0.0	0.0	False	False	False
PROT_0548	21.0154	0.0	0.0	False	False	False
PROT_0549	18.4907	0.0	0.0	False	False	False
PROT_0550	25.6426	0.0	0.0	False	False	False
PROT_0551	22.3536	0.0	0.0	False	False	False
PROT_0552	26.0446	0.0	0.0	False	False	False
PROT_0553	16.902	0.0	0.0	False	False	False
PROT_0554	18.7909	0.0	0.0	False	False	False
PROT_0555	24.4844	0.0	0.0	False	False	False
PROT_0556	24.5497	0.0	0.0	False	False	False
PROT_0557	20.6512	0.0	0.0	False	False	False
PROT_0558	20.1893	0.0	0.0	False	False	False
PROT_0559	23.8683	0.0	0.0	False	False	False
PROT_0560	22.3347	0.0	0.0	False	False	False
PROT_0561	21.1786	0.0	0.0	False	False	False
PROT_0562	20.7287	0.0	0.0	False	False	False
PROT_0563	24.4894	0.0	0.0	False	False	False
PROT_0564	25.0278	0.0	0.0	False	False	False
PROT_0565	25.7735	0.0	0.0	False	False	False
PROT_0566	25.6384	0.0	0.0	False	False	False
PROT_0567	20.3611	0.0	0.0	False	False	False
PROT_0568	21.8811	0.0	0.0	False	False	False
PROT_0569	26.1616	0.0	0.0	False	False	False
PROT_0570	20.2023	0.0	0.0	False	False	False
PROT_0571	23.7912	0.0	0.0	False	False	False
PROT_0572	23.8793	0.0	0.0	False	False	False
PROT_0573	21.2177	0.0	0.0	False	False	False
PROT_0574	23.1863	-0.0763	0.0496	True	False	False
PROT_0575	25.3381	0.0	0.0	False	False	False
PROT_0576	27.5823	0.0	0.0	False	False	False
PROT_0577	21.8143	0.0	0.0	False	False	False
PROT_0578	21.9736	0.0	0.0	False	False	False
PROT_0579	23.6662	0.0	0.0	False	False	False
PROT_0580	19.0676	0.0	0.0	False	False	False
PROT_0581	22.9671	0.0	0.0	False	False	False
PROT_0582	19.1139	0.0	0.0	False	False	False
PROT_0583	24.5959	0.0	0.0	False	False	False
PROT_0584	22.0549	0.0	0.0	False	False	False
PROT_0585	25.8089	0.0	0.0	False	False	False
PROT_0586	20.4908	0.0	0.0	False	False	False
PROT_0587	23.154	0.0	0.0	False	False	False
PROT_0588	23.2668	0.0	0.0	False	False	False
PROT_0589	22.4885	0.0	0.0	False	False	False
PROT_0590	25.0673	0.0	0.0	False	False	False
PROT_0591	20.6062	0.0	0.0	False	False	False
PROT_0592	23.3821	0.0	0.0	False	False	False
PROT_0593	22.4001	0.0	0.0	False	False	False
PROT_0594	21.0849	0.0	0.0	False	False	False
PROT_0595	26.3751	0.0	0.0	False	False	False
PROT_0596	22.469	0.0	0.0	False	False	False
PROT_0597	21.6279	0.0	0.0	False	False	False
PROT_0598	25.4776	0.0	0.0	False	False	False
PROT_0599	22.1044	0.0	0.0	False	False	False
PROT_0600	22.4833	0.0	0.0	False	False	False
PROT_0601	20.8855	0.0	0.0	False	False	False
PROT_0602	24.6817	0.0	0.0	False	False	False
PROT_0603	24.5225	0.0	0.0	False	False	False
PROT_0604	20.384	0.0	0.0	False	False	False
PROT_0605	20.0534	0.0	0.0	False	False	False
PROT_0606	23.9122	0.0	0.0	False	False	False
PROT_0607	24.4103	0.0	0.0	False	False	False
PROT_0608	21.6165	0.0	0.0	False	False	False
PROT_0609	24.0747	0.0	0.0	False	False	False
PROT_0610	25.962	0.0	0.0	False	False	False
PROT_0611	21.0152	0.0	0.0	False	False	False
PROT_0612	25.0422	0.0	0.0	False	False	False
PROT_0613	20.761	0.0	0.0	False	False	False
PROT_0614	23.8542	0.0	0.0	False	False	False
PROT_0615	22.5766	0.0	0.0	False	False	False
PROT_0616	23.8981	0.0	0.0	False	False	False
PROT_0617	26.7222	0.0	0.0	False	False	False
PROT_0618	20.42	0.0	0.0	False	False	False
PROT_0619	19.013	0.0	0.0	False	False	False
PROT_0620	23.9729	0.0	0.0	False	False	False
PROT_0621	26.6228	0.0	0.0	False	False	False
PROT_0622	22.1401	0.0	0.0	False	False	False
PROT_0623	19.2288	0.0	0.0	False	False	False
PROT_0624	16.9575	0.0	0.0	False	False	False
PROT_0625	24.4901	0.0	0.0	False	False	False
PROT_0626	26.1957	0.0	0.0	False	False	False
PROT_0627	19.0417	0.0	0.0	False	False	False
PROT_0628	20.3077	0.0	0.0	False	False	False
PROT_0629	22.9168	0.0	0.0	False	False	False
PROT_0630	22.1424	0.0	0.0	False	False	False
PROT_0631	24.666	0.0	0.0	False	False	False
PROT_0632	25.5507	0.0	0.0	False	False	False
PROT_0633	26.5951	0.0	0.0	False	False	False
PROT_0634	20.8487	0.0	0.0	False	False	False
PROT_0635	22.3069	0.0	0.0	False	False	False
PROT_0636	25.6335	0.0	0.0	False	False	False
PROT_0637	22.3009	0.0	0.0	False	False	False
PROT_0638	22.9939	0.0	0.0	False	False	False
PROT_0639	22.9677	-0.9799	0.0	True	False	False
PROT_0640	26.8886	0.0	0.0	False	False	False
PROT_0641	28.0238	0.0	0.0	False	False	False
PROT_0642	21.4262	-0.3942	0.0	True	False	False
PROT_0643	27.2372	0.0	0.0	False	False	False
PROT_0644	19.6708	0.0	0.0	False	False	False
PROT_0645	22.3328	0.0	0.0	False	False	False
PROT_0646	23.5685	0.0	0.0	False	False	False
PROT_0647	22.5322	0.0	0.0	False	False	False
PROT_0648	21.0186	0.0	0.0	False	False	False
PROT_0649	20.1505	0.0	0.0	False	False	False
PROT_0650	17.717	0.0	0.0	False	False	False
PROT_0651	26.1508	0.0	0.0	False	False	False
PROT_0652	27.8041	0.1702	0.0	True	False	False
PROT_0653	22.0017	0.0	0.0	False	False	False
PROT_0654	26.6753	0.0	0.0	False	False	False
PROT_0655	26.7246	0.0	0.0	False	False	False
PROT_0656	26.629	0.0	0.0	False	False	False
PROT_0657	17.7184	0.0	0.0	False	False	False
PROT_0658	24.0643	0.0	0.0	False	False	False
PROT_0659	28.1656	0.0	0.0	False	False	False
PROT_0660	22.599	0.0	0.0	False	False	False
PROT_0661	24.7303	0.0	0.0	False	False	False
PROT_0662	22.642	0.0	0.0	False	False	False
PROT_0663	25.5412	0.0	0.0	False	False	False
PROT_0664	18.7157	0.0	0.0	False	False	False
PROT_0665	18.1393	0.0	0.0	False	False	False
PROT_0666	22.6474	0.0	0.0	False	False	False
PROT_0667	26.1354	0.0	0.0	False	False	False
PROT_0668	22.6699	0.0	0.0	False	False	False
PROT_0669	19.2991	0.0	0.0	False	False	False
PROT_0670	25.0895	0.0	0.0	False	False	False
PROT_0671	23.8893	0.0	0.0	False	False	False
PROT_0672	20.5632	0.0	0.0	False	False	False
PROT_0673	24.2725	0.0	0.0	False	False	False
PROT_0674	27.7067	0.0	0.0	False	False	False
PROT_0675	19.458	0.0	0.0	False	False	False
PROT_0676	17.9985	0.0	0.0	False	False	False
PROT_0677	20.0311	0.0	0.0	False	False	False
PROT_0678	21.049	0.0	0.0	False	False	False
PROT_0679	24.1116	0.0	0.0	False	False	False
PROT_0680	24.5872	0.0	0.0	False	False	False
PROT_0681	20.5358	0.0	0.0	False	False	False
PROT_0682	19.7912	0.0	0.0	False	False	False
PROT_0683	18.0234	0.0	0.0	False	False	False
PROT_0684	27.0674	0.0	0.0	False	False	False
PROT_0685	28.4679	0.0	0.0	False	False	False
PROT_0686	22.7603	0.0	0.0	False	False	False
PROT_0687	25.4792	0.0	0.0	False	False	False
PROT_0688	23.6246	0.0	0.0	False	False	False
PROT_0689	23.0083	0.0	0.0	False	False	False
PROT_0690	19.034	0.0	0.0	False	False	False
PROT_0691	20.9816	0.0	0.0	False	False	False
PROT_0692	21.7916	0.0	0.0	False	False	False
PROT_0693	26.5496	0.0	0.0	False	False	False
PROT_0694	23.9476	0.0	0.0	False	False	False
PROT_0695	20.9588	0.0	0.0	False	False	False
PROT_0696	26.7296	0.0	0.0	False	False	False
PROT_0697	20.5878	0.0	0.0	False	False	False
PROT_0698	22.8836	0.0	0.0	False	False	False
PROT_0699	20.6084	0.0	0.0	False	False	False
PROT_0700	27.6126	0.0	0.0	False	False	False
PROT_0701	24.0847	0.0	0.0	False	False	False
PROT_0702	19.8273	0.0	0.0	False	False	False
PROT_0703	22.0227	0.0	0.0	False	False	False
PROT_0704	21.156	0.0	0.0	False	False	False
PROT_0705	22.5519	0.0	0.0	False	False	False
PROT_0706	19.0428	0.0	0.0	False	False	False
PROT_0707	23.4203	0.0	0.0	False	False	False
PROT_0708	22.7604	0.0	0.0	False	False	False
PROT_0709	24.057	0.0	0.0	False	False	False
PROT_0710	22.1863	0.0	0.0	False	False	False
PROT_0711	20.3147	0.0	0.0	False	False	False
PROT_0712	22.6232	0.0	0.0	False	False	False
PROT_0713	28.9733	0.0	0.0	False	False	False
PROT_0714	20.76	0.0	0.0	False	False	False
PROT_0715	23.5781	0.0	0.0	False	False	False
PROT_0716	24.8525	0.0	0.0	False	False	False
PROT_0717	22.4346	0.0	0.0	False	False	False
PROT_0718	26.3634	0.0	0.0	False	False	False
PROT_0719	27.3637	0.0	0.0	False	False	False
PROT_0720	22.8947	0.0	0.0	False	False	False
PROT_0721	20.152	0.0	0.0	False	False	False
PROT_0722	22.8089	0.0	0.0	False	False	False
PROT_0723	22.999	0.0	0.0	False	False	False
PROT_0724	24.6543	0.0	0.0	False	False	False
PROT_0725	25.8009	0.0	0.0	False	False	False
PROT_0726	25.8822	0.0	0.0	False	False	False
PROT_0727	25.7995	0.0	0.0	False	False	False
PROT_0728	24.7598	0.0	0.0	False	False	False
PROT_0729	17.8979	0.0	0.0	False	False	False
PROT_0730	20.4763	0.0	0.0	False	False	False
PROT_0731	21.4737	0.0	0.0	False	False	False
PROT_0732	20.9828	0.0	0.0	False	False	False
PROT_0733	20.7304	0.0	0.0	False	False	False
PROT_0734	24.7851	0.0	0.0	False	False	False
PROT_0735	20.6714	0.0	0.0	False	False	False
PROT_0736	18.863	0.0	0.0	False	False	False
PROT_0737	27.5818	0.0	0.0	False	False	False
PROT_0738	24.3062	0.0	0.0	False	False	False
PROT_0739	23.5547	0.0	0.0	False	False	False
PROT_0740	20.3631	0.0	0.0	False	False	False
PROT_0741	23.1851	0.0	0.0	False	False	False
PROT_0742	25.4645	0.0	0.0	False	False	False
PROT_0743	21.5558	0.0	0.0	False	False	False
PROT_0744	23.0193	0.0	0.0	False	False	False
PROT_0745	19.8032	0.0	0.0	False	False	False
PROT_0746	25.4833	0.0	0.0	False	False	False
PROT_0747	23.2363	0.0	0.0	False	False	False
PROT_0748	23.2002	0.0	0.0	False	False	False
PROT_0749	24.5951	0.0	0.0	False	False	False
PROT_0750	25.3171	0.0	0.0	False	False	False
PROT_0751	18.2256	0.0	0.0	False	False	False
PROT_0752	18.4359	0.0	0.0	False	False	False
PROT_0753	26.1594	0.0	0.0	False	False	False
PROT_0754	28.423	0.0	0.0	False	False	False
PROT_0755	21.7187	0.0	0.0	False	False	False
PROT_0756	22.0282	0.0	0.0	False	False	False
PROT_0757	26.0519	0.0	0.0	False	False	False
PROT_0758	27.6696	0.1729	0.0	True	False	False
PROT_0759	24.1356	0.0	0.0	False	False	False
PROT_0760	21.8192	0.0	0.0	False	False	False
PROT_0761	23.1136	0.0438	0.0	True	False	False
PROT_0762	26.7184	0.0	0.0	False	False	False
PROT_0763	22.0989	0.0	0.0	False	False	False
PROT_0764	23.8596	0.0	0.0	False	False	False
PROT_0765	27.4347	0.0	0.0	False	False	False
PROT_0766	20.9224	0.0	0.0	False	False	False
PROT_0767	23.8054	0.0	0.0	False	False	False
PROT_0768	26.6587	0.0	0.0	False	False	False
PROT_0769	20.8835	0.0	0.0	False	False	False
PROT_0770	27.6858	0.0	0.0	False	False	False
PROT_0771	18.3239	0.0	0.0	False	False	False
PROT_0772	23.109	0.0	0.0	False	False	False
PROT_0773	22.0578	0.0	0.0	False	False	False
PROT_0774	22.5363	0.0	0.0	False	False	False
PROT_0775	23.1534	0.0	0.0	False	False	False
PROT_0776	21.4736	0.0	0.0	False	False	False
PROT_0777	22.0	-2.9	2.7	False	False	True
PROT_0778	24.2216	-0.0617	0.0401	True	False	False
PROT_0779	21.8868	0.0	0.0	False	False	False
PROT_0780	24.6245	0.0	0.0	False	False	False
PROT_0781	24.3414	0.0	0.0	False	False	False
PROT_0782	25.5675	0.0	0.0	False	False	False
PROT_0783	23.2284	0.0	0.0	False	False	False
PROT_0784	18.7699	0.0	0.0	False	False	False
PROT_0785	21.0521	0.0	0.0	False	False	False
PROT_0786	25.226	0.0	0.0	False	False	False
PROT_0787	22.6352	0.0	0.0	False	False	False
PROT_0788	23.3528	0.0	0.0	False	False	False
PROT_0789	22.9633	0.0	0.0	False	False	False
PROT_0790	22.3246	0.0	0.0	False	False	False
PROT_0791	24.8255	0.0	0.0	False	False	False
PROT_0792	21.0746	0.0	0.0	False	False	False
PROT_0793	19.5978	0.0499	0.0	True	False	False
PROT_0794	19.7659	0.0	0.0	False	False	False
PROT_0795	18.2532	0.0	0.0	False	False	False
PROT_0796	23.251	0.0	0.0	False	False	False
PROT_0797	26.6625	0.0	0.0	False	False	False
PROT_0798	21.72	0.0	0.0	False	False	False
PROT_0799	22.9257	0.0	0.0	False	False	False
PROT_0800	21.9202	0.0	0.0	False	False	False
PROT_0801	20.673	0.0	0.0	False	False	False
PROT_0802	26.5454	0.0	0.0	False	False	False
PROT_0803	21.3282	0.0	0.0	False	False	False
PROT_0804	18.6957	0.0	0.0	False	False	False
PROT_0805	25.3323	0.0	0.0	False	False	False
PROT_0806	22.9797	0.0	0.0	False	False	False
PROT_0807	23.7363	0.0	0.0	False	False	False
PROT_0808	24.8587	0.0	0.0	False	False	False
PROT_0809	22.2836	0.0	0.0	False	False	False
PROT_0810	22.7325	0.0	0.0	False	False	False
PROT_0811	19.6708	0.0	0.0	False	False	False
PROT_0812	21.8626	0.0	0.0	False	False	False
PROT_0813	20.1227	0.0	0.0	False	False	False
PROT_0814	25.6389	0.0	0.0	False	False	False
PROT_0815	22.6922	0.0	0.0	False	False	False
PROT_0816	22.6591	0.0	0.0	False	False	False
PROT_0817	24.2435	0.0	0.0	False	False	False
PROT_0818	22.5859	0.0	0.0	False	False	False
PROT_0819	28.3402	0.0	0.0	False	False	False
PROT_0820	25.4837	0.0	0.0	False	False	False
PROT_0821	21.9049	0.0	0.0	False	False	False
PROT_0822	21.7912	0.0	0.0	False	False	False
PROT_0823	26.9637	0.0	0.0	False	False	False
PROT_0824	24.4383	0.0	0.0	False	False	False
PROT_0825	23.5473	0.0	0.0	False	False	False
PROT_0826	26.5243	0.0	0.0	False	False	False
PROT_0827	23.9724	0.0	0.0	False	False	False
PROT_0828	22.3895	0.0	0.0	False	False	False
PROT_0829	17.9874	0.0	0.0	False	False	False
PROT_0830	25.2043	0.0	0.0	False	False	False
PROT_0831	25.3419	0.0	0.0	False	False	False
PROT_0832	18.7381	0.0	0.0	False	False	False
PROT_0833	19.5128	0.0	0.0	False	False	False
PROT_0834	23.3379	0.0	0.0	False	False	False
PROT_0835	17.4917	0.0	0.0	False	False	False
PROT_0836	19.7743	0.0	0.0	False	False	False
PROT_0837	19.7973	0.0	0.0	False	False	False
PROT_0838	22.8553	0.0	0.0	False	False	False
PROT_0839	26.5128	0.0	0.0	False	False	False
PROT_0840	21.9879	0.0	0.0	False	False	False
PROT_0841	20.9459	0.0	0.0	False	False	False
PROT_0842	22.0476	0.0	0.0	False	False	False
PROT_0843	27.5722	0.0	0.0	False	False	False
PROT_0844	22.7307	0.0	0.0	False	False	False
PROT_0845	18.8021	0.0	0.0	False	False	False
PROT_0846	25.1927	0.0	0.0	False	False	False
PROT_0847	16.4029	0.0402	0.0	True	False	False
PROT_0848	18.815	0.0	0.0	False	False	False
PROT_0849	23.4735	0.0	0.0	False	False	False
PROT_0850	22.0845	0.0	0.0	False	False	False
PROT_0851	23.87	0.0	0.0	False	False	False
PROT_0852	20.9155	0.0	0.0	False	False	False
PROT_0853	26.5645	0.0	0.0	False	False	False
PROT_0854	22.8471	0.0	0.0	False	False	False
PROT_0855	24.5045	0.0	0.0	False	False	False
PROT_0856	21.6023	0.0	0.0	False	False	False
PROT_0857	24.0651	0.0	0.0	False	False	False
PROT_0858	22.7358	0.0	0.0	False	False	False
PROT_0859	19.0222	0.0	0.0	False	False	False
PROT_0860	19.9123	0.0	0.0	False	False	False
PROT_0861	20.6669	0.0	0.0	False	False	False
PROT_0862	23.5687	0.0	0.0	False	False	False
PROT_0863	22.1785	0.0	0.0	False	False	False
PROT_0864	20.9204	0.0	0.0	False	False	False
PROT_0865	21.018	0.0	0.0	False	False	False
PROT_0866	25.6273	0.0	0.0	False	False	False
PROT_0867	21.6889	0.0	0.0	False	False	False
PROT_0868	26.3936	0.0	0.0	False	False	False
PROT_0869	24.3992	0.0	0.0	False	False	False
PROT_0870	19.5991	0.0	0.0	False	False	False
PROT_0871	26.288	0.0	0.0	False	False	False
PROT_0872	24.139	0.0	0.0	False	False	False
PROT_0873	22.5237	0.0	0.0	False	False	False
PROT_0874	23.4048	0.0	0.0	False	False	False
PROT_0875	24.3776	0.0	0.0	False	False	False
PROT_0876	24.6148	-0.4634	0.3012	True	False	False
PROT_0877	24.5802	0.2128	0.0	True	False	False
PROT_0878	22.9335	0.0	0.0	False	False	False
PROT_0879	22.7668	0.0	0.0	False	False	False
PROT_0880	21.4541	0.0	0.0	False	False	False
PROT_0881	25.053	0.0	0.0	False	False	False
PROT_0882	19.2304	0.0	0.0	False	False	False
PROT_0883	24.0262	0.0	0.0	False	False	False
PROT_0884	21.2872	0.0	0.0	False	False	False
PROT_0885	22.3641	0.0	0.0	False	False	False
PROT_0886	21.5331	0.0	0.0	False	False	False
PROT_0887	23.849	0.0	0.0	False	False	False
PROT_0888	23.2744	0.0	0.0	False	False	False
PROT_0889	20.2807	0.0	0.0	False	False	False
PROT_0890	23.4388	0.0	0.0	False	False	False
PROT_0891	20.8217	0.0	0.0	False	False	False
PROT_0892	19.2431	0.0	0.0	False	False	False
PROT_0893	25.2773	0.0	0.0	False	False	False
PROT_0894	25.9882	0.0	0.0	False	False	False
PROT_0895	17.2158	-0.298	0.0	True	False	False
PROT_0896	23.0086	0.0	0.0	False	False	False
PROT_0897	22.693	0.0	0.0	False	False	False
PROT_0898	25.03	0.0	0.0	False	False	False
PROT_0899	24.631	0.0	0.0	False	False	False
PROT_0900	25.3344	0.0	0.0	False	False	False
PROT_0901	22.7656	0.0	0.0	False	False	False
PROT_0902	23.5037	0.0	0.0	False	False	False
PROT_0903	26.4097	0.0	0.0	False	False	False
PROT_0904	21.4421	0.0	0.0	False	False	False
PROT_0905	19.6134	0.0	0.0	False	False	False
PROT_0906	23.5276	0.0	0.0	False	False	False
PROT_0907	22.3392	0.0	0.0	False	False	False
PROT_0908	22.6263	0.0	0.0	False	False	False
PROT_0909	24.2214	0.0	0.0	False	False	False
PROT_0910	23.0645	0.0	0.0	False	False	False
PROT_0911	25.7136	0.0	0.0	False	False	False
PROT_0912	29.5405	0.0	0.0	False	False	False
PROT_0913	24.1965	0.0	0.0	False	False	False
PROT_0914	22.4453	0.0	0.0	False	False	False
PROT_0915	19.7627	-0.091	0.0	True	False	False
PROT_0916	23.5282	0.0	0.0	False	False	False
PROT_0917	26.0464	0.3216	0.0	True	False	False
PROT_0918	23.9132	0.0	0.0	False	False	False
PROT_0919	20.3653	0.0	0.0	False	False	False
PROT_0920	25.8691	0.0	0.0	False	False	False
PROT_0921	24.0762	0.0	0.0	False	False	False
PROT_0922	26.3121	0.0	0.0	False	False	False
PROT_0923	26.4909	0.0	0.0	False	False	False
PROT_0924	24.6371	0.0	0.0	False	False	False
PROT_0925	24.1934	0.0	0.0	False	False	False
PROT_0926	24.505	0.0	0.0	False	False	False
PROT_0927	24.1355	0.0	0.0	False	False	False
PROT_0928	19.1592	0.0	0.0	False	False	False
PROT_0929	20.3906	0.0	0.0	False	False	False
PROT_0930	28.1934	0.4211	0.0	True	False	False
PROT_0931	23.9714	0.0	0.0	False	False	False
PROT_0932	24.9247	0.0	0.0	False	False	False
PROT_0933	20.4258	0.0	0.0	False	False	False
PROT_0934	16.6751	0.0	0.0	False	False	False
PROT_0935	22.517	0.0	0.0	False	False	False
PROT_0936	20.0939	0.0	0.0	False	False	False
PROT_0937	28.0458	0.0	0.0	False	False	False
PROT_0938	21.8928	0.0	0.0	False	False	False
PROT_0939	26.0725	0.0	0.0	False	False	False
PROT_0940	27.3963	0.0	0.0	False	False	False
PROT_0941	22.5236	0.0	0.0	False	False	False
PROT_0942	22.3996	0.0	0.0	False	False	False
PROT_0943	20.4638	0.0	0.0	False	False	False
PROT_0944	23.7552	0.0	0.0	False	False	False
PROT_0945	20.8971	0.0	0.0	False	False	False
PROT_0946	22.9336	0.0	0.0	False	False	False
PROT_0947	24.5584	0.0	0.0	False	False	False
PROT_0948	20.2433	0.0	0.0	False	False	False
PROT_0949	25.0933	0.0	0.0	False	False	False
PROT_0950	24.1199	0.0	0.0	False	False	False
PROT_0951	22.8676	0.0	0.0	False	False	False
PROT_0952	23.0052	0.0	0.0	False	False	False
PROT_0953	24.8835	0.0	0.0	False	False	False
PROT_0954	23.4365	0.0	0.0	False	False	False
PROT_0955	22.7676	0.0	0.0	False	False	False
PROT_0956	22.8124	0.0	0.0	False	False	False
PROT_0957	23.3373	0.0	0.0	False	False	False
PROT_0958	25.5943	0.0	0.0	False	False	False
PROT_0959	23.3171	0.0	0.0	False	False	False
PROT_0960	21.4687	0.0	0.0	False	False	False
PROT_0961	16.8842	0.0	0.0	False	False	False
PROT_0962	22.2211	0.8692	-0.565	True	False	False
PROT_0963	22.2526	0.0	0.0	False	False	False
PROT_0964	22.4342	0.0	0.0	False	False	False
PROT_0965	25.5168	0.0	0.0	False	False	False
PROT_0966	21.9408	0.0	0.0	False	False	False
PROT_0967	26.5374	0.0	0.0	False	False	False
PROT_0968	24.9171	0.0	0.0	False	False	False
PROT_0969	24.3864	0.0	0.0	False	False	False
PROT_0970	28.724	0.0	0.0	False	False	False
PROT_0971	28.187	0.0	0.0	False	False	False
PROT_0972	26.8673	0.0	0.0	False	False	False
PROT_0973	21.1584	0.0	0.0	False	False	False
PROT_0974	22.5901	0.0	0.0	False	False	False
PROT_0975	20.4422	0.1403	0.0	True	False	False
PROT_0976	22.0889	0.0	0.0	False	False	False
PROT_0977	23.2841	0.0	0.0	False	False	False
PROT_0978	21.4534	0.0	0.0	False	False	False
PROT_0979	23.9953	0.0	0.0	False	False	False
PROT_0980	24.4502	0.0	0.0	False	False	False
PROT_0981	25.4779	0.0	0.0	False	False	False
PROT_0982	23.4839	0.0	0.0	False	False	False
PROT_0983	23.2999	0.0	0.0	False	False	False
PROT_0984	22.7563	0.0	0.0	False	False	False
PROT_0985	20.4691	0.0	0.0	False	False	False
PROT_0986	22.4037	0.0	0.0	False	False	False
PROT_0987	22.1804	0.0	0.0	False	False	False
PROT_0988	21.9672	0.0	0.0	False	False	False
PROT_0989	21.6225	0.0	0.0	False	False	False
PROT_0990	22.2736	0.0	0.0	False	False	False
PROT_0991	25.917	0.0	0.0	False	False	False
PROT_0992	23.5441	0.0	0.0	False	False	False
PROT_0993	23.0883	0.0	0.0	False	False	False
PROT_0994	21.4461	0.0	0.0	False	False	False
PROT_0995	23.0674	0.0	0.0	False	False	False
PROT_0996	21.3863	0.0	0.0	False	False	False
PROT_0997	21.9373	0.0	0.0	False	False	False
PROT_0998	23.3783	0.0	0.0	False	False	False
PROT_0999	22.0482	0.0	0.0	False	False	False
