protein_id	Par_t1	Par_t2	Par_t3	Par_t4	HomEd_t1	HomEd_t2	HomEd_t3	HomEd_t4	HomRev_t1	HomRev_t2	HomRev_t3	HomRev_t4
PROT_0000	22.6783	22.9148	22.9212	22.7533	22.7677	22.8972	22.6249	22.5991	22.8284	22.6241	23.2892	22.8394
PROT_0001	24.383	24.0991	24.0955	24.2593	24.6862	24.4963	24.7225	24.4581	24.2954	24.1323	24.0089	23.8639
PROT_0002	24.8792	24.9762	24.8709	24.9384	24.977	24.8542	24.8296	24.7406	24.9679	25.0082	25.0182	24.7631
PROT_0003	24.635	24.4274	24.8391	24.3749	24.7851	24.7702	24.9206	24.7747	24.5879	24.4293	24.669	24.7552
PROT_0004	22.418	22.1618	22.1483	22.1731	22.6229	22.6218	22.6167	22.3005	22.5011	21.8959	21.6509	22.0612
PROT_0005	23.228	23.2996	23.1201	23.1555	22.9293	23.1261	23.1943	23.0385	23.5013	23.227	23.2037	23.093
PROT_0006	24.6743	25.1967	25.1908	24.8931	25.1735	25.5621	25.1785	24.8494	25.0694	24.8212	25.4033	24.7439
PROT_0007		21.2344	21.5196		21.3672	21.5237	21.1383	21.0367	21.4071	21.5601	21.7788	21.4215
PROT_0008	21.0252	21.2029	21.6169	21.181	21.1615	21.4825	21.4254	21.92	21.6893	21.3541	21.3952	21.3596
PROT_0009	24.5011	24.5949		24.8	24.6513	24.7949	24.3722	24.5687	24.6889	24.2932	24.3526	24.5624
PROT_0010	26.8554	26.8769	26.7525	27.081	27.1004	27.0811	26.7929	26.9515	26.5682	26.5611	26.6311	26.3486
PROT_0011												
PROT_0012	22.8016	22.3832	22.876	22.961	22.6082	22.618	22.8153	22.6147	23.2124	23.1255	22.5276	22.7297
PROT_0013	20.9596	21.3521	20.545	21.3341	20.8903	21.1695	21.1948	21.4965	20.8742	21.0714	21.2451	21.0937
PROT_0014	23.7556	23.463	23.7375	23.564	23.7279	24.1028	23.6373	23.7414		23.703	23.704	23.5074
PROT_0015	22.1536	22.1109	22.3835	21.7288	21.703		21.9916	21.3157	22.1492	21.8163	21.8467	21.8467
PROT_0016	22.2011	22.4716	22.2503	22.8183	22.6669	22.513	22.4795	21.887	22.6732	22.2882	22.5462	22.678
PROT_0017	23.8021	23.8106	23.3816	24.0186	24.0502	24.2184	23.7538	23.7033	23.8871	23.8139	24.2857	23.6243
PROT_0018	23.3405	23.2631	23.2691	23.0091	23.5302	23.2709	23.3506	23.3246	23.3712	23.4536	23.252	23.7325
PROT_0019	24.8744	24.6517	24.6646	24.6132	24.6683	24.8424	24.7519	24.2706	25.1493	24.6135	24.5278	24.7672
PROT_0020	21.7572	21.6122	21.8669		21.492	21.726	21.6746	21.6364	21.4387	21.3534	21.7785	21.5056
PROT_0021	20.5962	20.2457	20.3416	20.8189	21.2496	20.9076	20.4872	21.1069	21.6899	20.5994	20.6609	21.0848
PROT_0022					18.9957			18.4096	18.5742			18.5639
PROT_0023	22.614	22.3363	22.2528	22.7772	22.3481	22.792	22.5248	22.6729	23.0278	22.7709	22.9362	22.6739
PROT_0024		22.6641	22.0009	22.329	22.3688	21.8838	22.1918	22.0115	22.1719	21.9318		22.089
PROT_0025	21.8793	22.1383	22.1182	22.3492	22.397	22.0797		21.6133	21.863	22.4259	22.099	21.9517
PROT_0026	23.8555	23.9349	24.0563	23.6061	24.0087	23.7835	24.1887	23.8517	24.0105	23.9078	23.8555	
PROT_0027	20.3953	20.2218	20.6355	20.2758	20.9069	20.6685	20.6039	20.3752	20.3065		20.759	
PROT_0028	21.7279	21.5343	21.9528	22.2864	21.952	22.1945	21.8729	21.9092	21.482	21.1743	22.3476	21.9805
PROT_0029	25.3799	25.3238	25.373	25.4732	25.6253	25.3705	25.4259		25.5992	25.1136	25.3136	25.2651
PROT_0030	20.1427	20.6849	20.4192	21.0108	21.0326	21.0868	20.0512	20.4636	21.1022		20.1165	20.3528
PROT_0031	21.5182	21.7877	21.7382	21.5173	21.8966	21.7981	21.703	21.6864	21.641	21.4892		21.891
PROT_0032	25.9355	26.0732	25.8435	25.8936	26.4307	26.1262	26.2568	26.02	26.1492	25.9852	26.2312	26.2174
PROT_0033	27.8269	27.9335	27.8629	27.9983	27.6583	27.7278	27.5999	27.6014	28.1803	28.0076	27.9308	27.8741
PROT_0034					17.5064					18.8196		
PROT_0035	18.904	18.6851	19.4488		19.4976		20.421	19.8691	19.4102	19.2013	19.9881	19.6163
PROT_0036	23.1133	23.0065	22.9737	22.7232	23.063	23.0522	22.8255	23.0125	22.8888	23.0984	22.8524	22.8554
PROT_0037	22.9835	23.198	23.2388	23.242	23.2897	23.1303	23.7651	23.0871	23.3517	23.2232	23.0554	23.0652
PROT_0038	22.7828	22.0847	22.5854	22.4185	22.566	22.6967	22.4873	22.4898	22.7331	22.1817	22.7072	22.3804
PROT_0039	22.2994	22.2948	22.2503	22.48	22.0458	21.7915	21.4958	21.745	23.1078	22.5757	22.8605	22.4549
PROT_0040												
PROT_0041	21.6239	21.5339	21.1301	21.4554	21.3233	21.4715	21.4256	21.1374	21.4101	21.2463		21.3288
PROT_0042	25.7127	25.6637	25.5861	25.6225	22.6084	22.4495	22.7171	22.5988	27.2178	26.8558	26.8281	27.2149
PROT_0043	21.0876	21.3565	20.517	21.4622	20.6342	20.946	20.9027	20.5135	21.1107	20.6295	20.599	20.5763
PROT_0044	24.7926	25.0169	24.8534	24.981	25.1257	24.9869	25.126	24.9781	24.9335	25.116	24.7812	24.603
PROT_0045	21.7876	21.9868	21.9192	21.8703	21.6615	22.2276	21.7906	21.9432		21.4599	21.7997	21.8433
PROT_0046	23.5542	23.4291	23.7993	23.5491	23.7624	23.5943	23.5073	23.1995	23.3239	23.677	23.3062	23.3968
PROT_0047	20.9396	21.1482	21.4192	21.6566	21.3012	21.777	21.4946	21.129	21.5642	21.0503	20.751	21.3617
PROT_0048	25.3497	25.0624	25.5743	25.1074	25.678	25.3769	25.1426	25.117	25.4402	25.5162	25.5243	25.6253
PROT_0049	17.9507	18.6061		19.6952								17.4979
PROT_0050	24.4669	24.2244	24.0901	24.1944	24.085	24.2721	24.4439	24.3167	24.419	24.0056	24.3218	24.0337
PROT_0051	21.599	21.1695	21.1286	21.3099	21.3644	21.5195	21.2096	21.2219	21.0873	21.4254	21.127	21.6051
PROT_0052	21.7583	21.5904	22.0346	22.2281		22.0753	21.3746	21.45	21.9204	21.8808	21.6419	21.846
PROT_0053	26.5554	26.3271	26.5952	26.6599	27.5695	27.555	27.6307	27.2661	25.8984	25.8908	25.7194	26.1194
PROT_0054	20.7853	21.011		20.5128	20.6524	20.8485		20.65	21.1019		20.7594	20.769
PROT_0055	24.9122	24.9281	25.1999	25.1701	24.9385	24.8644	24.7091	24.6969	25.1193	24.8895	24.8485	25.1562
PROT_0056	20.4673	20.8365		21.1221	21.2693	20.8463	21.0579	20.741	20.8668	20.2984	20.9142	21.2649
PROT_0057	24.9678	25.0824	25.1943	25.0787		25.421	25.359	25.4396	25.192	24.9559	25.137	25.0961
PROT_0058	24.3722	24.8123	24.2367	24.6267	24.9871	24.9173	24.8638	24.854	24.3094	24.1428	24.2051	24.7907
PROT_0059	23.5404	23.651	23.3601	23.1828	23.3396	23.2652	23.2297	22.8784	23.4487	23.43	23.2871	23.5627
PROT_0060	22.9176	22.8719	23.0945	22.801	23.4527	23.2363	23.2329	22.9372	23.5967	22.7446	23.1763	23.2767
PROT_0061	24.4501	24.3257	24.5092	24.5804	24.6279	24.587	24.3276	24.1743	24.4615	24.408	24.1536	24.4437
PROT_0062	25.0112	24.9828	24.9675	25.3672	25.1418	25.2999	25.2654	25.2536	25.0956	25.0645	24.9573	25.217
PROT_0063	23.1093	23.5207	23.1395	23.0256	24.3201	24.2362	24.2957	23.8431	23.0525	22.6971	23.4431	23.3369
PROT_0064	24.7229	24.7628	24.7352	25.1242	24.8206	24.8548	24.7547	24.8714	24.8211	24.5671	24.6992	24.7362
PROT_0065	19.7536	20.4328	20.3936	20.2046	19.6048	20.2847			19.7243		19.4171	19.3101
PROT_0066	20.749	21.0419	21.4068		20.5808	20.5305	20.337	20.2225	21.5055	20.6982	20.9321	20.5601
PROT_0067	23.2437	23.3268	23.4138	23.5498	23.0426	22.923	22.8791	22.9281	23.4314	23.4356	23.2609	23.4612
PROT_0068	28.401	28.1255	28.5132	28.5359	28.285	28.5322	28.4457	28.484	28.4823	28.1767	28.1326	28.1293
PROT_0069	21.0782	21.2283	21.6372	21.4279	21.4495	21.0143	21.9714	21.6388	21.3355	21.9726	21.8066	
PROT_0070	23.5805	23.2386	23.0182	23.0156	22.9665	23.0994	22.9181	23.1579	23.0614	22.9391	22.7937	22.8757
PROT_0071	20.8952	21.1603	21.1882	20.9748	21.833	21.4643		20.7857	20.8216	20.9525	21.1239	21.0213
PROT_0072	19.3076	19.6315	18.5867		19.0531	19.4274	18.8644		18.7468	19.7339	18.5896	19.3423
PROT_0073	24.1766	23.7026	23.8093	23.3792	23.6339	24.1819	23.8138	24.046	23.7271	23.6944	23.582	23.4845
PROT_0074	21.9551	22.0013	22.2806	22.2733	22.0034	22.1705	22.2007	21.9189	22.3332	22.065	21.8232	21.8534
PROT_0075	23.9209	23.5759	23.9216	23.6943	24.0309	24.0175	23.6093	24.0026	23.9963	23.6596	24.183	24.1033
PROT_0076	19.6149	19.8655		19.6753		19.5135	19.6683	19.5025	20.3378	19.5347	19.9117	19.6115
PROT_0077	23.2688	23.2116	23.4799	23.0315	23.4319	23.228	23.2216	23.1454	23.1683	22.8645	23.0164	23.3072
PROT_0078	23.9032	23.5092	23.5427	23.5508	23.7654	23.642	23.4082	23.595	23.8877	23.6268	23.4995	23.2279
PROT_0079		15.6915								16.927		
PROT_0080		24.9684	25.4029	25.2045	25.1196	25.2501	24.6332	24.9422	25.3231	25.1682	25.1266	25.0798
PROT_0081	23.0783	22.6526	22.8405	22.5861	22.8711	22.627	22.7924	22.7981	22.666	22.9348	22.8127	22.8811
PROT_0082	23.2415	22.838	23.0208	23.033	23.0327	23.163	23.0308	23.0906	22.9836	23.0314	22.8829	23.2012
PROT_0083	21.8205	21.8966	22.0913	21.9215	22.0163	22.2692	21.9303	22.0821	22.1514	22.054	21.7926	22.1839
PROT_0084	21.702	21.6147	21.6103	21.6003	21.2851	21.7516	21.757	21.5541	21.5912	21.5018	21.8631	21.3318
PROT_0085	23.6564	23.8234	23.5668	23.6403	24.049	23.9144	23.5693	23.6152	24.0355	23.4516	23.6852	23.4848
PROT_0086					18.9533			17.3037	18.7881		18.7351	
PROT_0087	24.0197	23.9283	23.7168	23.7487	23.8797	23.7494	24.1275	23.7952	23.8551	23.3381	23.5583	23.5474
PROT_0088	23.6464	23.6199	23.4485	23.2142	23.0075	23.3627	23.1563	23.5368	23.6711	23.296	23.5945	23.3488
PROT_0089	22.7403	22.9521	23.091	23.187	23.0255	22.9964		22.9245	22.9181	22.8913	22.6071	22.7409
PROT_0090	23.7116	23.8263	24.0671	24.0548	24.1416	23.8565	23.7572	23.656	23.8067	23.7896	24.0804	23.7642
PROT_0091	26.3431	26.2149	26.1472	26.2828	26.1276	26.2945	26.101	25.905	26.3564	26.0536	26.4089	26.0444
PROT_0092	23.297	23.4269		22.6044	23.2701	23.4155	23.1656	23.2198	22.9598	23.1423	23.4367	23.4706
PROT_0093	19.13		19.7432	19.5337	19.7801			19.8647	19.671	19.7195	19.7629	20.0706
PROT_0094		19.1204		19.8023	19.977		20.4196	20.4977	20.4835	19.9435	20.491	20.5963
PROT_0095	20.8577	20.9086		20.9524	21.4244	20.9051	20.6518	21.1762		21.0518	20.1764	20.6662
PROT_0096	19.2861	19.0491	19.815	19.5809		19.4093	20.3768	19.8388		19.2069	19.765	18.9916
PROT_0097	19.713	19.8999		20.0651	19.5291		19.882	19.5357	19.5128		20.126	
PROT_0098		19.6416		19.6251		20.6031	19.3921	19.79		19.7729	19.9045	19.4429
PROT_0099	25.859	25.5904		25.8152	25.9301	26.1281	25.5743	25.6255	25.8419	25.5798	25.6436	25.5268
PROT_0100	25.9729	26.2756	26.0315	25.9182	26.1895	26.1487	25.7909	25.8742	25.3837	25.6074		25.3589
PROT_0101	21.1827	21.04	21.2071	21.299	21.2266	20.8755	21.2674	20.6436	20.9958		21.1313	21.1052
PROT_0102	23.5712	23.7682	23.3814	23.5752	23.8319		23.727	23.8877	23.3959	23.6498	23.8375	23.6871
PROT_0103	23.127	23.6497	23.0702	23.2868	23.8165	24.2095	24.1718	24.2809	23.0075	23.0173	23.2251	23.4667
PROT_0104	27.0284	27.233	27.2855	26.8835	27.0618	27.0323	26.8033	27.087	26.9549	27.016	26.9921	26.93
PROT_0105	19.1967	18.9507		18.7381	18.1085	18.8283		19.2676			18.9693	
PROT_0106	22.3245	23.1864	22.8356	22.6329	22.6185	22.8386	22.8242	22.9571	22.714	22.7994	23.0949	22.666
PROT_0107	20.9293	20.5323	21.434	20.365	20.9438	21.0713	21.2285	20.5647	21.3604	21.1671	21.128	21.0891
PROT_0108	22.3744	22.758	22.3976	22.0668	22.5607	22.6221	22.2029	22.1931	21.354	21.6357	21.6168	21.755
PROT_0109	22.2879	22.2	22.2694	22.2794	22.3505	22.3466		22.0822	22.1586	21.9385	22.0167	21.9813
PROT_0110	20.6094		20.8335	20.1865	20.5746	20.8201	21.0387	20.892	20.5396	20.3168	20.0017	21.0402
PROT_0111	24.8759	24.7655	24.6858	24.832	24.8041	24.8018	24.8435	24.8324	24.5969	24.6367	24.8229	24.5284
PROT_0112	25.0779	25.0751	24.852	24.5566	24.7082	24.7494	24.8815	24.6877	25.0258	24.7837	25.0294	24.8653
PROT_0113		18.701									19.5034	17.9963
PROT_0114	25.8442	25.8941	25.9685	25.788	25.8149	26.0639	25.9506	26.0884	26.0015	25.5045	25.6757	25.9511
PROT_0115	25.6931	25.5851	26.1765	25.8122	25.8707	25.8736	25.6303	25.3376	25.7793	25.4289	25.4341	25.6325
PROT_0116	28.5216	28.3579	28.4449	28.2074	28.2003	28.244	28.0842	28.1794	28.2654	28.4722	28.252	28.4825
PROT_0117	24.0353	23.6927	24.0657	23.436	23.91	23.6723	23.8347	23.7741	23.8482	23.9385	23.996	24.0789
PROT_0118	26.2471	26.3345	26.0144	26.0723	26.0439	25.9913	26.0747	26.1767	26.0766	25.8044	26.2503	25.7627
PROT_0119	22.5178	21.954	22.4189	22.5028	22.3484	22.633	22.5935	22.5531	22.8288	22.2643	22.5665	22.6075
PROT_0120	21.8817	21.5704	21.5163	22.1157	22.4331	21.5319	21.8841	21.7768	21.8631	21.8032	22.4058	21.944
PROT_0121	26.3356	26.4966	26.4702	26.1595	26.4975	26.7558	26.5042	26.24	26.6829	26.4663	26.514	26.3891
PROT_0122	22.2299	22.1262	21.9902	22.5144	22.2837	21.9615	22.2167	21.8872	22.1856	21.8893	21.8238	22.0594
PROT_0123	21.9005	21.6944	22.0695	21.5359	22.0935	21.8992	21.6346	21.7877	21.5763	22.0106	22.2938	21.4425
PROT_0124	23.2835	23.1351	23.1644	23.284	23.3452	23.6034	23.4157	23.4138	23.5475	23.5172	23.4578	23.2574
PROT_0125	23.213	23.1252	23.0299	23.3914	23.3792	23.4012	23.4356	23.4479	23.6591	23.3126	23.3203	23.3713
PROT_0126	21.4316	21.4791		21.5107	22.0155	21.7109	21.7206	21.4626		21.3564	21.6066	21.295
PROT_0127	25.2289	25.2302	25.4443	25.4782	25.5797	25.2608	25.3575	25.5068	25.357	25.1141	25.2468	24.9857
PROT_0128	23.7121	23.3003	23.8131	23.7129	23.7549	24.1271	23.8141	23.9268	23.6497	23.5177	23.7968	23.4899
PROT_0129	24.9348	24.7128	24.6854	24.7834	24.9026	24.9151	24.6525	24.8054	24.7262	24.204	24.6132	24.5093
PROT_0130	25.239	25.2227	24.8985	24.9459	25.622	25.1809	25.4641	25.5551	25.355	25.122	25.3226	25.1978
PROT_0131	25.7747	25.9085	25.9178	26.0979	25.6429		25.9278	25.7756	25.783	25.3692	25.6391	25.7223
PROT_0132	22.3466	22.8398	22.5321	22.5662	22.3799	22.4567	22.671	22.1646	22.6829	22.1252	22.2438	
PROT_0133	26.1778	26.1676	26.376	26.1122	26.1904	26.6386	26.3032	26.3054	26.2684	26.0547	26.2707	26.1795
PROT_0134	29.0346	29.0447	28.9798	28.9903	28.9556	28.9908	28.8508	28.7907	29.003	28.7672	28.7797	28.851
PROT_0135	23.9352	24.3716	24.206	24.4049	23.7262	24.1039	24.1541	23.6972	23.9147	23.7379	24.0471	23.7036
PROT_0136	22.333	22.1419	22.2505	22.3157	22.4559	22.6094	22.6588	22.2633	22.4048	22.0312	22.112	22.6102
PROT_0137	17.4197		17.9341								18.1549	
PROT_0138	18.6969		17.7685	18.9067	18.8441		18.3958		17.9891			18.3516
PROT_0139	23.2863	23.8884	23.336	23.8996	23.9369	24.0079	23.9989	23.8761	23.26	22.9515	22.8313	23.2723
PROT_0140	20.5875	20.3606	20.9526	21.0815	21.122	20.6079	20.5562	21.203	21.7425			21.0156
PROT_0141	24.3319	24.073	24.4315	23.9609	23.6988	23.7655	23.8357	23.6683	24.5022	24.0929	24.07	24.1456
PROT_0142	25.4578	25.745	25.6353	25.7971	25.8158	25.7091	25.6255	25.5748	25.8848	25.8563	25.4643	25.6663
PROT_0143	23.9255	23.852	23.8884	23.5111	23.7162	23.9696	23.4281	23.8693	23.7552	23.7199	23.8449	23.7664
PROT_0144		19.6092	19.4992	19.7995	20.0226	20.3811	20.6654	19.8207	19.4456	20.3408	19.7704	20.0669
PROT_0145			18.7651	19.6842	19.1715	19.2587				18.5414	18.9383	
PROT_0146		20.5984		20.9532	20.3252	20.7588	21.3453	20.3793	20.7616	20.1504	20.1362	20.8348
PROT_0147	25.3315	25.4106	25.0001	25.0497	25.3114	25.2357	25.4007	24.9231	25.369		24.9192	25.3479
PROT_0148	24.6931	24.795	24.7734	24.8034	24.6966	25.0056	24.4897	24.5809	24.3922	24.8587	24.5788	24.6356
PROT_0149	22.7749	22.933	23.0606	23.0211	23.0483	23.1372	23.077	23.0583	22.8861	22.958	23.1216	23.0802
PROT_0150	22.6904	22.6312	22.9068	23.0786	23.1268	22.7847	22.6704		23.1321	22.834	22.481	22.9322
PROT_0151	25.8074	25.7727	25.7406	25.9836	26.0179	25.5908	25.6112	25.8497	26.0663	26.0212	25.8972	26.0321
PROT_0152	21.8691	22.1967	22.5612	22.09	21.9925	21.6925	21.7972	22.3017	22.5922	22.541	22.3271	22.6456
PROT_0153	26.716	26.4654	26.8136	26.6923	26.6087	26.8057	26.5899	26.4759	26.773	26.6578	26.5923	26.473
PROT_0154	23.8179	23.6432	23.9325	23.3243	23.8845	23.8088	23.8042	23.1674	23.5636	23.6007	23.7036	23.8254
PROT_0155	22.1376	22.4097	22.4669	22.492	22.9465	22.5806	22.5367	22.0521	22.7474	22.2045	22.3197	21.9709
PROT_0156	22.0023	22.0123	21.6792	22.2259	21.5548	22.1482	22.2162	21.7253	21.7171	21.6908	21.9255	22.1693
PROT_0157	24.774	24.7077	24.546	24.6477	24.5845	24.4195	24.6887	24.5706	24.5107	24.0187	24.2544	24.2914
PROT_0158	24.9133	24.9495	24.6717	24.8454	24.7817	24.6246	24.7892	24.3008	24.9167	24.8288	24.8897	24.6575
PROT_0159	20.0499	19.7203	19.8765	20.1287	20.4567	20.4811	20.1735	20.1265	20.6046		20.0951	20.1081
PROT_0160	26.3916	26.3776	26.6066	26.4793	26.6243	26.663	26.4948	26.033	26.7028	26.2409	26.4161	26.2751
PROT_0161	17.8523	18.5763								18.23		
PROT_0162	23.7768	23.371	23.751	23.2755	23.4279	23.4772	23.4978	23.2005	23.5527	23.2096	23.3233	23.4565
PROT_0163	27.2836	27.3157	27.2795	27.2651	27.034	27.3526	27.1199	27.0887	27.3495	27.1551	27.3195	27.0289
PROT_0164	18.6177		18.302			19.1124						
PROT_0165	22.4968	22.6962	22.8407	22.8707	23.1325	22.8941	22.5101	22.5431	22.6166	22.7142	23.0883	22.3426
PROT_0166	23.109	22.7223	22.7079	23.3055		22.988	23.2599	22.9594	23.3391	23.1768	23.158	23.0756
PROT_0167								17.019			18.1028	17.9109
PROT_0168	23.7754	24.1206	23.8166	23.6774	24.112	24.1302	23.7628	23.9722	23.7473	23.7182		23.8566
PROT_0169	22.9119	22.602	23.1039	22.7233	23.1813	22.9067	23.0364	23.3008	23.027	23.1694	23.3261	23.3844
PROT_0170	20.1541	20.8877	20.5781	20.9908	20.3485		19.5215	19.3056	19.9884	19.5277	20.1166	
PROT_0171	24.6735	24.6197	24.4306	24.6673	24.9738	25.1399	25.1759	25.0092	24.7744	25.0623	25.1061	24.6861
PROT_0172											17.8537	
PROT_0173			17.4295			18.7755		17.1875				
PROT_0174	26.0973	25.9785	25.9598	26.0697	26.307	25.7061	25.9476	25.7836	26.1106	25.9747	25.8241	25.8293
PROT_0175	23.9423	23.9582	24.1207	24.2182	24.0032	23.9229	24.0145	24.4823	24.1278	23.8948	24.121	24.3328
PROT_0176	20.1923	20.5493	20.4302	20.0133	20.8797	20.932	20.6044	20.0733	20.6197		20.6627	19.8013
PROT_0177	20.408	20.9671	20.0969	20.935	20.4222	20.298	20.6134	21.1835	21.0899	20.9497	21.2097	20.568
PROT_0178				18.4011	17.9473		18.0769					
PROT_0179	20.243		19.4154	20.3224	20.3199	20.3373	20.0712	19.3644		20.0249		19.8846
PROT_0180	19.2253	19.8237	20.0431	19.6514	19.7939	20.1761			19.8593	19.8399	20.0149	19.796
PROT_0181	24.1104	24.2834	24.0606	24.0435	24.5059	24.4011	24.2929	24.2325	24.1948	24.2182	24.5874	24.2352
PROT_0182	21.9575	21.7311	21.5081	21.8299	21.6312	22.0514	21.5649	21.9555	21.8509	21.8206	22.0909	21.7366
PROT_0183	21.6206	21.063	21.1491	21.5468	22.0969	21.7195	21.8587	21.904	21.487	20.8865	21.4651	21.4108
PROT_0184	24.6665	25.098	24.8783	24.9387	24.7103	24.6196	24.8674	24.6243	24.9888	24.6673	24.7828	25.0513
PROT_0185	23.5701	23.7509	23.7767	23.5905		23.7779	23.6288	23.8092	23.6273	23.7583	23.6258	23.708
PROT_0186	25.4857	25.5895	25.5336	25.4714	25.6293	25.6738	25.8292	25.7764	25.4265	25.4266	25.7307	25.5906
PROT_0187	18.2672		18.8876			19.4072		19.229	19.0046			18.4328
PROT_0188	26.6074	26.4646	26.2521	26.5996	26.4358	26.4075	26.2665	26.451	26.6089	26.0367	26.5571	26.5217
PROT_0189	24.0499	24.0002	23.903	23.7886	23.5966	23.7658	23.8321	23.856	23.8134	23.6482	24.109	23.4783
PROT_0190	21.4445	21.9255	21.9074	21.5501	22.9377	22.4772	22.9976		21.2788	21.6893	22.0539	21.6142
PROT_0191	25.0031	25.1216	25.1152	25.0907	25.3098	25.1603	25.2897	25.3565	25.1347	25.1268	25.1947	24.7683
PROT_0192	27.8199	27.5452	27.7811	27.7149	27.7301	27.9252	27.9101	27.7999	27.8304	27.5274	27.6888	27.7775
PROT_0193	22.6417	21.5167	22.1184	22.3264	22.277	22.5426	22.6055	22.4855	22.3524	22.6093	22.3183	22.1863
PROT_0194	22.4857	22.8133	22.2431	22.662		22.6504	22.1968	22.0712	22.5585	22.7438	22.2008	22.9223
PROT_0195			21.9379	21.6439	21.6762	22.4409	22.2854	22.3353	22.4167	21.5341	21.9494	21.9757
PROT_0196	16.9049						17.8135		19.1623			
PROT_0197	26.0708	26.2005	26.6135	26.0896	26.2456	26.3879	26.312	26.1018	26.1476	26.0964	26.1235	26.1647
PROT_0198	24.1285	24.5754	24.4112	24.3298	24.2936	24.2003	24.252	24.2318	24.2323	24.2709	24.2653	24.3504
PROT_0199	24.1129	24.4461	24.3153	24.007	23.7256	24.18	24.2934	24.1841	24.2915	24.4466	24.3287	24.2472
PROT_0200	24.6458	24.5791	24.9844	24.903	24.7428	24.8001	24.6582	24.8586	24.666	24.5951	24.6597	24.4717
PROT_0201	21.508	21.3081	21.5851	22.0581	21.8091	21.5241	21.8247		21.9801	21.7995	22.47	21.7511
PROT_0202	28.4061	28.4882	28.7304	28.6574	28.8702	28.5695	28.5794	28.4708	28.7419	28.6679	28.6077	28.6332
PROT_0203	23.6333	23.5592	23.7649	23.8183	23.1286	23.4938	23.3787	23.2346	23.4771	23.2705	23.279	23.6035
PROT_0204	22.3849	21.6908	22.3857	22.3305	22.4119	22.2287	21.7669	22.1852	22.6521	22.1617	22.4813	22.4965
PROT_0205	19.7355			20.3495	19.8809		19.2842	19.1653	19.963	19.8368	19.8368	19.8697
PROT_0206	29.7537	29.824	29.8601	29.8245	30.1467	29.9802	29.8156	29.7961	29.9583	30.0464	30.1269	29.9941
PROT_0207	25.2124	24.7216	24.9886	25.0489	25.1842	24.8501	24.7717	24.9141	25.0977	24.6959	25.1597	24.9817
PROT_0208	25.3279	25.433	25.4689	25.507	25.5393	25.5422	25.7145	25.2135	25.5504	25.2897	25.5991	25.5115
PROT_0209	24.0275	24.0699		23.736	23.9221	24.2336	23.8697	23.2782	24.0252	24.2544	23.7566	24.1027
PROT_0210	19.496	19.8912		19.5162	20.27		19.1687	19.5167	19.9968			19.0545
PROT_0211	25.0236	25.4585	25.5188	25.3333	25.7531	25.2657	25.3102	25.5553	25.2991	25.3436	25.4528	25.2057
PROT_0212	22.2398	22.159	22.3517	22.2418	21.8296	21.7842	21.7646	21.5451	22.1785	21.5158	21.6005	21.9531
PROT_0213	21.5461	21.3388	20.8078	21.4639	21.128	21.167	20.6735	21.2154	21.4874	20.7442	21.1093	21.2473
PROT_0214	26.9238	26.5978	26.8627	26.8708	26.5862	26.4908	26.6824	26.3549	26.9459	26.8085	26.5467	26.7428
PROT_0215	22.5068	22.5356	22.5409	22.2462	22.5038	22.7725	22.4293	22.2711	23.6208	23.6963	23.738	23.5389
PROT_0216	21.3329		21.7479	21.1319	21.7486	21.6659	21.8483	20.9386	22.1715	21.5916	21.7083	
PROT_0217	18.1253		18.2637	19.635	18.7921	19.1299		18.5771	18.7594	17.8494		19.0857
PROT_0218	19.2486	19.4253	18.9262		19.3707		18.3738	19.467	19.1214	19.9185	19.2711	19.0422
PROT_0219	23.0874	23.1033	23.3492	23.2324	23.484	23.2888	22.9884	23.3782	23.5226	23.0615	23.4287	23.1858
PROT_0220	24.0285	23.7795	23.7914	23.891	23.602	23.821	23.7293	23.6093	23.8834	23.5166	23.6865	23.722
PROT_0221	24.1952	24.1231	24.285	24.0862	23.9084	24.0057	23.9143	24.1463	24.3736	24.1807	24.249	23.8608
PROT_0222	21.3195	21.1439	20.7981	20.8323	21.3806	21.6907	21.1912	21.639	21.5659	21.5131	22.0114	21.1495
PROT_0223	21.5573	21.3417	21.6381		21.763	21.5435	21.8224	21.2106	21.778	21.8509	21.6699	21.7884
PROT_0224	24.6974	24.7664	24.6522	24.6125	24.7161	24.945	24.8598	24.5286	24.7429	24.4691	24.8758	24.6977
PROT_0225	20.2289	20.1819	19.5119	19.8192	20.6375			20.5632	20.2024	19.8641	20.0121	
PROT_0226				18.0208		19.1541		18.2424		18.2615	18.7723	
PROT_0227	23.4711	23.523	23.6441	23.4179	23.9331	23.1369	23.4638	23.2649	23.3039	23.0163	23.2887	23.2467
PROT_0228	24.13	24.3887	24.2011	24.3315	24.2193	24.371	23.9334	24.2043	24.3057	24.0001	24.3524	24.1458
PROT_0229	20.5065		19.4309	18.7272	19.4121		19.8063		19.008	19.8292		18.8274
PROT_0230	28.036	28.0332	28.1241	27.941	28.0855	28.4029	27.8235	27.8594	28.1309	27.941	28.0992	
PROT_0231	22.0676	21.9156	21.78	21.4347	21.337	22.1475	21.725	21.2539	21.7143	21.7708	21.498	21.5582
PROT_0232	20.895	21.6771	21.0216	21.0936	21.7613	21.1263	21.7256	21.2012	21.3808	21.1588	21.5241	21.7135
PROT_0233	26.7323	26.6268	26.8498	26.7825	26.5752	26.4626	26.5355	26.5932	26.7983	26.458	26.4988	26.4672
PROT_0234	21.0049	21.6538	22.0324		22.3126	22.6203	22.264	22.0744	21.7488	21.3923	21.4596	21.6291
PROT_0235	21.6382	22.1303	21.4892	21.5933		21.7656	21.4391	21.9131	21.0166	21.3904	21.1437	21.7263
PROT_0236	19.0695	19.4114		19.9864	19.663		20.0697		19.4304		19.5178	19.6049
PROT_0237	24.6499	24.5031	24.8208	24.6447	24.5383	24.8219	24.7613	24.5504	24.6134	24.9193	24.4174	24.6481
PROT_0238	21.3237	21.087	20.9086	21.1517	21.3333	21.0059	21.4616	20.7711	21.68	21.1964	21.5428	21.3642
PROT_0239	25.4029	25.5738	25.6062	25.9384	25.6299	25.243	25.6028	25.5328	25.4199	25.3001	25.757	25.5929
PROT_0240	22.5013	22.0354	21.8926	21.6019	22.3451	22.5023	22.7155	22.7162	22.4761	21.6789	22.0978	22.1436
PROT_0241	20.9009	20.8773	20.8313	20.5474	20.6019	21.0207	20.8444	20.8122	20.4369	21.2846	20.4529	20.0643
PROT_0242	26.0323		26.0854	25.7206	26.6535	26.5625	26.9478	26.5798	26.4102	26.5417	26.7177	26.3725
PROT_0243	25.1461	25.2834	25.5897	25.0857	25.226	25.1007	25.1039	24.8934	25.3182	25.3745	25.1603	24.9902
PROT_0244	21.339	21.4054	21.4643	21.1743	20.8714	20.7099	20.5961	20.7084	20.859	21.2508	20.9536	21.2272
PROT_0245	21.7658	21.5381	22.1102	21.5007	21.4555	21.899	21.4769	21.1718		21.5025		21.7593
PROT_0246	25.0817	25.2514	24.9884	25.2118	25.4012	25.1249	25.1932	25.0441	25.5087	24.863	24.9178	25.2254
PROT_0247	21.1107	21.3405	21.2967	20.879	21.5997	21.4843	21.66	21.4371	20.5742	21.0395	20.9372	20.5075
PROT_0248	21.178	21.4088	20.9875	21.4638	20.7377	21.3969	21.3905	20.6501	21.0963	20.6188	20.9156	21.1744
PROT_0249	19.3555		19.9776		19.9397	19.5283	19.7884	19.9055	19.57		19.8186	19.9752
PROT_0250	23.4493	23.4468	23.0452	23.4668	23.5562	23.3166	23.6372	23.5407	22.5453	22.1078		22.4656
PROT_0251	23.6683	23.0305	23.5551	23.1746	23.1319	23.1761	23.1269	23.2144	23.307	22.9061	23.5464	23.1001
PROT_0252	26.4654	26.3095	25.9855	26.221	26.3624	26.1679	26.0147	26.115	26.2955	26.0036	25.8044	25.9839
PROT_0253	21.0298	21.5865	21.2541	21.4207	21.195	21.7524	21.3844	20.987	21.8537	21.1711	21.7157	21.0916
PROT_0254	20.1173		20.0	19.6969			20.2817	20.1151	19.4901	20.2881	20.0525	19.8269
PROT_0255	22.1411	22.3287	22.2848	22.1381	22.1227	22.4906	22.1337	22.2636	22.6003	22.4289	22.2235	22.3394
PROT_0256	24.3013	24.3592	24.4025	24.211	24.5774	24.5612	24.7492	24.154	24.517	24.3106	24.2818	24.5814
PROT_0257		18.9634			19.3402	19.8855	18.9165	19.5913	19.2379		19.6809	
PROT_0258	25.3961	25.2021	25.5282	25.3217	25.4097	25.283	25.241	25.314	25.5842	25.0685	25.0882	25.4528
PROT_0259	23.7528	23.7232	23.6752	23.6144	23.6054	23.4357	23.3619	23.2135	23.6637	23.8135	23.477	23.5201
PROT_0260	23.2494	23.7592	23.684	23.7751	23.7131	23.4415	23.5408	23.3523	23.5663	23.1622	23.4938	23.4272
PROT_0261		24.1434	24.1883	24.3159	24.6016	23.931	24.4499	24.0112	24.5212	24.1564	24.4135	24.1793
PROT_0262	21.2518		20.8023	21.2109	20.9659	21.0655	20.9116	20.9142	21.2127	20.8147	21.0137	20.5352
PROT_0263	21.1775	21.3293	21.2566	20.9823	20.8055	21.0786	21.1593	20.4859		20.6959	20.7356	20.772
PROT_0264	27.3168	27.1439	27.1565	27.0794	27.353	27.7986	27.4573	27.3046	27.5981	27.3537	27.4144	27.2477
PROT_0265	22.5648	22.1544	22.3512	22.4488	22.1707	22.0159	22.0477	22.1902	22.8882	22.5488	22.1985	22.4805
PROT_0266	25.994	26.078	26.2851	26.1465	26.2678	26.3358		26.2652	26.3298	26.0076	26.4377	26.3059
PROT_0267	23.0808	22.6118	22.8855	22.7166	22.4303	22.5675	22.4423	22.5612	21.9278	21.8271	22.1359	22.0091
PROT_0268	18.7111	19.5387	18.3967		18.3126	18.6951	18.9629			19.3394	19.223	
PROT_0269	21.9578	21.9293	21.9634	21.5714	22.0324	22.3825	22.2235	22.0621	21.863	21.9579		21.5584
PROT_0270	22.4795	22.6212	22.7822	23.1048	22.2581	22.7721	23.0118		23.0777	22.5843	22.8321	22.6269
PROT_0271	21.6763	21.807	21.6864	22.1034	22.1232	22.4753	22.2256	22.0736	22.2986	22.1507	22.4384	22.064
PROT_0272	24.6378	24.5853	24.5627	24.7067	24.8804	25.0207	24.8144	24.9972	24.6246	24.8092	24.7461	25.0198
PROT_0273	23.2668	23.7337	23.4486	23.4844	23.4923	23.8773	22.9903	23.1667	23.5827	23.3999	23.3698	23.2067
PROT_0274	24.1123	24.2115	24.1231	24.2489	24.0785	24.0892	24.2522	24.0881	24.3985	23.8864	24.3607	23.9182
PROT_0275	25.0796	24.7555	24.9795	24.8396	25.0967	25.0034	24.9914	24.8767	25.1263	24.7048	25.1613	25.0863
PROT_0276	23.1621	23.3335	23.2339	23.4198	23.6452	23.5797	23.4629	23.3339	23.3979	23.3942	23.5044	23.1728
PROT_0277	25.9388	25.942	26.1803	25.9781	26.2445	25.8663	25.9041	25.9855	25.9205	25.7951	25.9702	25.9568
PROT_0278	23.6492	23.5386	23.8889	23.9153	23.8497	23.8669	24.0161	23.9658	24.0145	23.5792	23.5911	23.474
PROT_0279	22.2527	22.6671	22.4528	22.6105	22.7672	22.4254	22.5996	22.273	22.5091	22.3789	22.6553	22.9723
PROT_0280	20.8581	20.8241	20.3896	21.2516	20.2808	20.8528	20.3843	20.2097	20.8097	20.177	20.4682	20.8845
PROT_0281	26.9115	26.7714	26.9369		27.1973	26.7384	26.4369	26.5154	26.908	26.9993	26.7581	26.7985
PROT_0282	25.319	25.7463	25.8042	25.633	25.2601	25.7237	25.4398	25.5649	25.754	25.1292	25.3953	25.3873
PROT_0283	22.2215	22.1584	22.3554	22.609	22.6739	22.7896	22.4865	22.5583	22.3769	22.2459	22.1958	22.2801
PROT_0284	23.0339	23.0607	23.3416	22.9236	23.1239	23.0436	23.078	23.0503	22.954	22.5952	23.1006	22.9268
PROT_0285	21.4714		21.5094	21.1224	21.1569	21.1075	21.1705	20.3641	21.5709	21.2239	21.7454	21.2174
PROT_0286	21.559	21.5923	21.2739	21.4149	21.7061	21.2148	21.6223	21.264	21.4727	21.5869	21.6742	21.3291
PROT_0287	20.5165	20.2166	20.3643	20.4783	20.8531	20.3986	20.4451	19.3552	20.1029	20.3571	20.3881	20.3381
PROT_0288		20.8898	20.7351	20.8974	20.392	21.1768	21.0948	20.9354	20.9859	20.8503	21.0517	20.5574
PROT_0289	21.9573	21.861	21.8285	21.7013	21.7115	21.3714	21.5664	21.813	21.397	21.841	21.9274	22.0059
PROT_0290	24.4244	24.234	24.2854	24.1322	24.5818	24.2352	24.3415	24.0848	24.058	24.2096	23.8924	24.294
PROT_0291		19.2516	18.8265	20.4314	20.7373		20.3344	20.2583		20.0286	19.9314	
PROT_0292	22.8259	22.7463	22.5567	22.5489	22.6542	22.7464	22.3133	22.2507	23.2084	22.9621	22.5266	22.8882
PROT_0293	21.3397	21.3168	22.0926	21.333	21.8774	21.4777	21.5127	21.3152	21.5105	21.1398	21.6992	21.5076
PROT_0294	22.3751	22.2985	21.9332	22.3529	22.1425	22.1205	21.9577	21.9897	21.7243	21.9558	22.1047	22.0595
PROT_0295	27.6238	27.2792	27.6639	27.4346	27.3579	27.3295	27.453		27.3817	27.1381	27.1234	27.5008
PROT_0296	20.154	20.1907	20.8574		19.8547	20.2398	19.5646		20.2783	19.4829	19.8532	20.3955
PROT_0297	23.5971	23.5412	23.8527	23.6408	23.7623	23.6046	23.6024	23.2849		23.6093	23.8919	23.6907
PROT_0298	24.8883	24.79	24.9949	25.1566	24.9695	24.8934	24.7968	24.6443	24.9517	24.9163	25.098	25.2075
PROT_0299	21.0764	20.9491	20.9294	20.4718	20.9609	21.0467	20.9822	20.6432	20.6259	20.7289	21.0858	20.9989
PROT_0300	22.8896	22.6795	22.5752	22.6135	22.3587	22.5707	22.5452	22.8289		22.3677	22.5526	22.8729
PROT_0301	24.5181	24.6309	24.8442	24.4316	24.3076	24.2461	24.5579	24.3053	24.4563	24.4336		24.8695
PROT_0302	24.6871	24.6729	24.4723	24.8269	24.6443	24.4248	23.9304	24.0231	24.2101	24.331	24.6318	24.5287
PROT_0303	20.1854	20.168	20.6741	20.666	20.5585		20.205	19.9143		20.0019	20.8266	20.1764
PROT_0304	24.3037	24.5321	24.3864	24.8147	24.6562	24.4512	24.4587	24.4506	24.3669	24.44	24.5086	24.445
PROT_0305	19.9616	19.361	19.5404	19.8437	19.8978	19.659		19.2404	19.7734		19.1161	19.0826
PROT_0306	21.0577	21.2135	21.5929	21.576	20.9305	21.4568	21.0646	21.4848	21.4387	21.6143	21.007	21.0869
PROT_0307	21.2715	21.2609	21.2113	21.4534	21.5324		21.2593	20.6374	21.5272	21.3292	20.799	21.2565
PROT_0308	21.1053	20.5194	21.3733	21.2467	20.9135	21.4781	21.1986	21.0653	21.4077	20.9973	21.918	20.953
PROT_0309	18.8223	18.5786	18.5565	18.6145		19.2069		18.7003	18.8566	19.4325	19.2377	
PROT_0310	23.2671	23.6752	23.4245	23.574	23.4035	23.3729	23.3163	23.1396	23.5822	23.7154	23.3734	23.2183
PROT_0311	30.0119	29.949	29.9492	30.1051	30.0789	30.2864	30.1156	29.8479	30.1712	30.0614	30.2017	30.0852
PROT_0312	25.5413	25.5039	25.8251	25.633	24.707	25.0744	24.6473	24.8033	24.8205	24.6378	24.6502	24.5221
PROT_0313	25.2125	25.5116	25.6299	25.6622	25.5799	25.626	25.723	25.546	25.883	25.4565	25.505	25.385
PROT_0314	24.7915	25.1195	24.8507	24.9312	25.088	25.6437	25.0194	24.8027	24.9867	24.8786	24.7373	24.9215
PROT_0315	23.216	23.2865	23.2859	23.2099	23.6933	23.5569	23.2872	23.1409	22.8457	22.7633	22.7611	23.2197
PROT_0316	25.9017	25.5394	25.7344	26.1109	25.9516	26.2398	25.8389	25.9064	26.0133	26.017	25.959	25.9106
PROT_0317	25.0086	24.5037	24.984	24.652	24.8266	24.7339	24.8658	24.7565	24.8892	24.7746	25.0914	24.7744
PROT_0318	24.2752	24.2427	24.1604	24.4605	24.4642	24.2893	24.2016	24.0756	24.4672	24.4109	24.3218	24.022
PROT_0319	18.1768		18.9766						18.5927	18.9625	18.5033	
PROT_0320	20.5766	20.0012	20.3199	19.6456	20.0687	20.3307	20.6341	20.207	20.5821	20.1107	20.6209	19.8692
PROT_0321												
PROT_0322							18.1868	17.7925			18.2057	18.6732
PROT_0323	21.1669	21.6004	21.2315	20.9533	21.2737	21.5036		21.6733	22.1711	21.0304	21.5561	21.1232
PROT_0324	21.1924	21.5055	20.9568	20.7547	21.3574	21.5675	21.5424	21.5557	21.0092	20.8573	21.7952	20.9707
PROT_0325				18.5106	18.7328			19.1914		19.1012		18.8526
PROT_0326	24.9651	25.0401	24.6159	25.0543	25.4126	25.305	25.2744	24.942	24.8437	24.6713	24.9845	25.0772
PROT_0327	23.7881	23.9407	23.8511	24.1521	24.2021	23.733	23.6056	24.0507	24.0041	23.6881	23.6952	23.973
PROT_0328	21.0213	21.5532	21.4739	21.2812	21.6577	21.8187	21.532	21.1538	21.5646	21.3187	21.3702	21.4016
PROT_0329	20.7792	20.4391	20.935	21.025	21.3736	21.1839	21.2643	20.7179	21.0627	20.8793	20.2112	20.7159
PROT_0330	23.9515	23.7259	23.9239	23.6474	23.8305	23.8652	23.6326	23.6386	24.0127	23.6711	23.6673	23.7071
PROT_0331			19.9033	19.5362	19.5611	19.0218		19.3266	19.5628		19.1029	19.6848
PROT_0332	24.0434	24.2556	24.4729	24.3609		24.2564	24.145	24.2228	24.3744	24.1291	24.0878	24.0741
PROT_0333	23.3286	23.2366	23.1689	23.1491	23.3777	23.0108	22.809		23.1621	22.6211	22.9832	23.1382
PROT_0334	19.472	19.8833		19.8587	19.4999	20.0172	19.4299	19.2382			19.3352	19.122
PROT_0335	23.5498	23.7561	23.7345	23.9187	23.7508	23.7195	23.4135	23.8655	23.3267	23.8791	23.7077	23.699
PROT_0336	25.7791	25.5799	25.5268	25.2405	25.7088	25.6047	25.1948	25.5284	25.2353	25.4801	25.7803	25.6019
PROT_0337	25.5092	25.5636	25.568	25.4179	25.4673	25.6474	25.6404	25.8193	25.6846	25.4851	25.2263	25.3259
PROT_0338	19.4188	18.5784		18.9679				19.4648		20.0021	19.665	
PROT_0339		23.1711	23.1224	22.7815	22.8718	23.1772	23.1437	22.9017	23.259	23.025	23.0294	23.5828
PROT_0340		24.4984	24.1984	24.4089	24.7315	24.4736	24.2698	24.1287	24.386	23.9257	24.5982	24.4102
PROT_0341	24.5761	24.5855	24.4843	24.4465	24.2167	24.2043	24.6724	24.2548	24.372	24.0756	24.4941	24.2566
PROT_0342		20.3963	20.0894	20.0144	20.9138	20.6834	19.992	19.7037	20.5731	19.7974	20.374	20.3756
PROT_0343	19.9613	19.6407	19.3559	20.2671	20.6197		19.3698	19.7656	19.6429		20.015	19.3683
PROT_0344	22.9792	22.7846	23.4468	23.0286	22.8264	22.6081	23.0031	22.8613	22.8467	22.956	22.7268	23.2018
PROT_0345	22.8657	22.8535	23.5779	23.1817	23.3472	23.0533	23.2525	23.5055	22.8706	22.9548	23.0468	22.8361
PROT_0346	22.8783	22.3683	22.4624	23.3311	22.5377	22.9109	22.4094	22.6027	22.5922	22.5042	22.5109	22.3049
PROT_0347	21.5599	21.5394	21.6946	21.8915	21.8222	21.2859	21.0262	21.9777	21.7871	21.3454	21.0518	21.02
PROT_0348		19.6329		19.1112	18.959	19.4581		19.6503	19.6597	19.6931	20.1833	19.4817
PROT_0349	24.6866		24.6846	24.3313	23.8381	24.0889	23.7222	23.9842	24.5927	24.4993	24.5114	24.4399
PROT_0350		19.4259				20.1833	20.2378	19.4882	19.8465			20.228
PROT_0351	20.2012		20.2241	20.1193	19.8714	20.3938	20.0505	19.6554	20.1914	20.1404		
PROT_0352		19.3395	19.4406	19.816		19.3084				19.5716	20.3587	19.7141
PROT_0353	21.6032	21.7158	21.7618	21.5941		21.3004	21.4842	22.0114	22.2458	22.1281	21.8585	21.9128
PROT_0354	26.2576	26.1096	26.3117	26.1861	26.3737	26.3977	26.3206	26.0603	26.2914	26.3582	26.3274	26.026
PROT_0355	25.1059	25.2655	25.2107	25.0688	25.448	25.2015	25.2414	25.2557	25.3285	25.0956	24.8477	25.1246
PROT_0356	21.6765	22.2615	21.502	21.9557	22.119	21.3283	21.473	21.4221	22.2828	22.1379	21.8843	21.9873
PROT_0357	21.4625		21.1995	20.871	21.5544	21.8323	21.3158	21.6098	21.5198		21.6179	21.2785
PROT_0358	25.2543	25.6604	25.8944	25.4248	25.5713	25.7497	25.7267	25.8143	25.6951	25.6109	25.8045	25.6367
PROT_0359	19.9061		20.0428	20.1251	20.3959	20.0087	20.3319		20.1127	19.9817	20.3495	20.6347
PROT_0360	24.7114	24.5972	24.8103	24.9519	25.1401	24.898	24.8893	24.8823	24.625	24.4696	24.8278	24.595
PROT_0361	23.2618	23.2068	23.3476	23.4614	23.4487	23.1716	23.3915	22.7309	23.4625	22.819	23.2319	23.1866
PROT_0362	22.8584	22.7917	22.7861	22.8407	22.2976	23.0247	23.0875	23.0153	22.4376	22.8739	22.8578	22.753
PROT_0363	24.6424	24.6822	24.7369	24.805	24.7737	24.4454	24.5386	24.3179	24.3462	24.5869	24.8361	24.3214
PROT_0364	19.6766	20.0634	18.7539	19.8764	19.7003			19.127	19.4311	19.5668	19.4305	
PROT_0365	21.4605	21.5206	21.344	21.4421	20.933	21.3028	20.9372	21.1292	21.4036	21.5687	21.6772	21.5598
PROT_0366	18.7343							18.2909	18.0414			18.5376
PROT_0367	26.6654	26.5658	26.4249	26.647	26.4141	26.5089	26.5564	26.4733	26.5171	26.5236	26.499	26.5488
PROT_0368	24.0103	23.9318	23.4604	23.748	23.5895	23.6979		23.3423	23.5489	23.4283	23.5367	23.6729
PROT_0369	21.2126	21.0652	20.8339	21.2252	21.6018	21.134	21.1628	20.8625	21.0827	20.8647	20.7775	21.4847
PROT_0370	27.0842	27.0057	26.9608	27.0366	26.9425	26.9787	27.1007	26.8413	27.0123	27.0015	27.0679	27.2881
PROT_0371	23.5896	23.2336	23.475	23.2888	23.3259	23.1107	23.2121	23.3247	23.4128	23.4533	23.3436	23.6284
PROT_0372	25.2716	24.9843	24.9984	25.0863	25.1338	24.8877	25.3229	25.3059	24.9509	25.056	24.829	25.0868
PROT_0373	18.78				17.7801			18.3645	18.5148	18.6658		
PROT_0374	21.8273	21.4289	22.013	21.783	21.6036	21.9879	21.741	21.8529	21.3375	22.056	21.1775	21.2921
PROT_0375	20.7685	20.0877	21.208	20.7893	20.7065	20.6802	21.0011	20.932		20.5191		20.7105
PROT_0376	25.8485	26.2095	26.0164	25.9175	26.1201	26.0134	26.1971	25.9637	25.9703		26.1045	25.9285
PROT_0377	25.1409	24.7745	24.9298	24.8804	25.1857	25.2433	25.135	24.8773	25.2044	25.0774	24.9669	24.9897
PROT_0378	24.1225	24.3491	24.2161	23.8497	23.9764	24.3069	24.0664	24.0776	24.1128	24.0317	24.1061	24.3876
PROT_0379	20.6812	21.1419	21.0237	20.7811	20.3255	20.6678	21.2655		20.3719	19.5096	21.5053	20.5434
PROT_0380	26.4404	26.4413	26.4473	26.5822	26.9741	26.6207	26.3988	26.4444	26.5507		26.457	26.2842
PROT_0381		19.2096	18.7394	19.0925			19.1791		18.9001	19.3041	19.2286	19.5891
PROT_0382	20.5444	20.4303	20.5603	20.2501	20.5733	21.0078	20.0682	20.7799	20.6492	21.172	20.7242	20.4346
PROT_0383	21.9279	22.0548	22.3175	21.5232	21.9166	22.1458	21.6132	22.2526	21.9489	21.6704	21.9152	21.8608
PROT_0384	21.6348	21.8474	22.1109	22.1153	22.1669	22.4051	21.9576	22.4864	22.2543	21.7793	22.026	21.5161
PROT_0385	25.1597	25.7304	25.3095	25.5225	25.684	25.4739	25.5788	25.1068	24.9843	24.8607	24.9992	24.823
PROT_0386	22.6955	22.8619	22.8853	22.8239	22.9411	22.8958	22.8624	23.167	22.8415	22.7581	22.527	22.9657
PROT_0387	26.2314	26.1592	26.1937	26.2646	26.1858	26.4797	26.3606	26.5119	26.384	26.3043	26.2196	26.2978
PROT_0388	19.5914		19.2366	19.4005	19.1577	19.2469	19.8649		19.574			
PROT_0389	22.5714	22.4708	22.6984	22.6221	22.376	22.3942	22.7727	22.2322	22.5096	22.2192	22.626	22.3467
PROT_0390	26.7204	26.7352	26.8953	26.6052	27.3719	27.4951	27.3675	27.3561	26.08		25.8992	25.824
PROT_0391	20.4347	20.0209	20.5708	20.6986	20.0476	20.7777	20.2566	20.5858		20.3458	20.2888	20.0054
PROT_0392	21.3295	21.5945	21.5641	21.1098	22.01	22.0562	21.6611	21.4726	21.8079	21.4638	21.182	21.802
PROT_0393	21.0897	20.674	21.1041	20.5504	20.5889	20.4348	21.308		20.9359	21.2175	20.2158	20.9647
PROT_0394	26.0352	26.113	25.7498	25.9775	26.1371	25.8582	25.9032		26.3428	25.6944	26.2001	26.1012
PROT_0395	25.5214	25.1856	24.6556	24.9273	25.4417	24.9738	25.208	25.0876	25.1269	25.0948	25.0365	25.0647
PROT_0396	19.1005					18.4725		18.412		18.6864		
PROT_0397	20.7947	20.9309	21.0152	21.0503	20.7782	21.1558		20.3347	21.1596	20.6422	20.7238	21.1801
PROT_0398	25.0163	25.0338	24.7599	25.3763	25.4462	25.2848	25.2792	24.9467	25.1117	25.0707	25.0268	25.0427
PROT_0399	24.8424	24.6353	24.8608	24.8871	24.6819	25.0611	24.7059	24.5593	24.7617	24.5376	24.8478	
PROT_0400	30.4706	30.3788	30.3359	30.1603	30.2224	30.5159	30.2006	30.3693	30.3746	30.4577		30.1433
PROT_0401	24.7225	24.4054	24.6563	24.6903	24.6932	24.6815	24.6287	24.4724	25.0493	24.7096	24.806	24.4921
PROT_0402	22.473	22.0044	22.631	22.424	22.615	22.5929	22.8266	22.71	22.7188	22.877	22.5387	22.3623
PROT_0403	24.3132		24.4081	24.3341	24.5622	24.4349	24.3449	24.3421	24.5639	24.1974	24.5572	24.5913
PROT_0404	24.677	24.7687		24.979	24.8442	24.9164	24.9645	24.7784	24.9317	24.6228	24.3909	24.868
PROT_0405	21.4768	20.6479	20.6805	20.5533		20.8651	20.5032	20.6726	20.9267	20.264		20.5861
PROT_0406	21.9808	22.0481	22.1255	22.1025	21.9422	21.7889	21.5503	21.7614	22.3587	22.2427	22.1622	21.8655
PROT_0407	21.1489	21.4328	21.2314	21.219		20.9093	21.3133	20.6719	21.1153	20.9238	20.6824	20.9845
PROT_0408	20.5545	19.7843	20.1216	20.9488	20.6821	20.4488	20.1478	20.5998	20.6349	20.5504	20.5414	20.613
PROT_0409	26.3545	26.2221	26.5762	26.1779	26.2827	26.5608	26.2372	26.3583	26.4381	26.1449	26.0193	26.0079
PROT_0410	19.2602	19.3109	19.507	19.732	19.9463	19.5433		19.4914	19.9524	19.8238	19.9137	19.5563
PROT_0411	22.5724	22.3971	22.1891	22.5321	22.5509	22.728	22.4648	22.7288	22.4523	22.7172	22.8016	22.3863
PROT_0412	22.8291	23.0723	22.5776	22.7664	22.5388		22.8832	22.6869	22.853	23.0264	22.6981	22.9238
PROT_0413		19.1627	19.6563	19.6483	19.8772	19.0438		18.7776	19.4752	19.1144	18.6039	19.4663
PROT_0414	23.1746	23.43	23.4184	23.4176	23.0896	23.0293	23.1255	23.3238	23.2744	23.0647	23.0834	23.1744
PROT_0415	23.67	23.2509	23.154	23.7456	23.6696	23.5209	23.5047	23.249	23.2427	23.2284	23.6736	23.4794
PROT_0416	23.2792	23.3238	23.2306	23.1261	23.5844	23.4536	23.4272	23.5324	23.4786	23.2645	23.3394	23.464
PROT_0417	22.257	22.3705	22.4858	22.2542	22.3676	21.975	22.457	22.0682	22.4298	21.6628	22.4314	22.3419
PROT_0418	26.143	26.2949	25.9961	26.0276	26.1755	26.0403	26.0459	25.8657	26.1423	25.8725	26.2167	26.0508
PROT_0419	24.0411	23.8054	23.5597	23.5947	23.8509	23.5831	23.8585	24.0633	23.8233	23.673	23.712	23.5653
PROT_0420	29.9208	30.0237	29.8172	29.6127	29.9234	29.6091	29.6306	29.7204	29.8468	29.7875	30.003	30.0306
PROT_0421	27.436	27.5259	27.6413	27.5532	27.8103	27.8902	27.578	27.8627	27.7753	27.6344	27.766	27.5724
PROT_0422	26.5197	26.1744	26.3927	26.4861	26.4772	26.2956	26.3155	26.3374	26.6959	26.2763	26.2236	26.3657
PROT_0423	21.6605	21.6019	21.4772	21.5981	21.1701	21.612	21.42	21.3134	20.5786	20.948	21.1204	20.955
PROT_0424	21.1191	20.956	20.9457	21.1177	21.2854	20.1896	20.6518	20.3737	21.3411	21.1144	20.8165	20.6799
PROT_0425	24.9877	24.9885	25.0106	25.0355	24.9728	24.8734	24.7068	24.8034	25.1563	24.9381	24.7478	24.9491
PROT_0426	26.4017	26.3547	26.3981	26.3979	26.8962	26.8931	27.0563	26.7241	26.9209		27.4196	26.7697
PROT_0427	23.4439	23.0276	23.3034	23.3042	23.1758		23.2171	23.1019	22.9026	23.2826	22.9176	23.2685
PROT_0428	22.0389	22.3127	22.3541	22.043	22.2389	22.8602	22.3933	21.8604	22.2103	21.9911	22.1036	22.4802
PROT_0429	22.7765	22.7523	22.1483	22.7019	22.5576	22.4972	22.3409	22.1123	22.2599	22.1347	22.6791	22.411
PROT_0430	22.4894	22.9128	22.4545	22.523	22.8583	22.692	22.6111	22.7603	22.7241	22.4765	22.8951	23.1067
PROT_0431	22.3626	22.7068	22.4387	22.0831	22.9243	22.6939	22.2653	22.3275		22.23	22.1185	22.509
PROT_0432	20.0026	19.4412	20.2961	20.2447		19.9505	20.1496	19.9697	20.0756		20.113	20.0927
PROT_0433	22.6722	22.2986	22.6423	22.5359	22.7168	22.8846	22.9978	22.7639	22.7119	22.7551		22.6991
PROT_0434	21.7628	21.5975	21.7439	22.0263	22.3095	21.6663	21.8662	21.3161		21.5032	22.2483	22.1245
PROT_0435	21.6863	21.6495	21.5617	21.3367	22.0188	22.2856	22.0104	21.2684	21.8396	21.1661	21.2853	21.7581
PROT_0436	22.1377	21.2845	21.6397	21.5238	21.5653	21.4831	21.557	21.2328	21.7591	21.7298	21.3698	21.564
PROT_0437	26.269	26.2118	26.2303	26.3563	26.4137	26.4664	26.1684	26.4307	26.0397	26.1235	26.3276	26.362
PROT_0438	26.0883	26.0699	25.8452	26.1087	26.0134	25.8938	25.8804	25.7898	25.8153	25.8073	25.8352	25.78
PROT_0439	20.2532	19.8507	20.6895	20.4281	19.5569	19.9697	20.6546		20.3012		20.5031	20.1589
PROT_0440	21.9094	21.7346	22.2717	22.207	22.2843	22.1793	22.6024	22.2661	22.6418	22.2541	22.1433	22.0852
PROT_0441	22.5628	22.8405	22.593	23.0041	23.0391	23.0732	22.9764	22.615	22.7335	23.0675	22.8798	23.0236
PROT_0442	25.8479	25.7665	25.9292	25.665	25.8908	26.0648	25.7464	25.819	26.1101	25.8726	26.0914	25.7401
PROT_0443	23.2371	23.1174	23.2883	23.4263	22.8407	23.2514	22.9625	23.3281	23.3484	23.486	23.3747	22.9295
PROT_0444	25.3222	25.3414	25.2307	25.3619	24.9527	25.2217	24.906	25.3956	25.5049	25.1162	25.2092	25.2072
PROT_0445	26.2655	26.217	26.4007	26.0218	26.3634	26.2157	25.993	25.9388	26.3265	25.9161	26.2724	
PROT_0446	22.4131	22.3772	22.1583	21.9792	22.2856	21.8814	22.1679	21.8003	23.1185	21.9391	22.1698	22.4282
PROT_0447	21.5598	21.4408	20.9197	21.2163	21.2714	21.1248	21.0763	21.1973	21.1692	20.7278	21.3424	21.2956
PROT_0448	23.886	23.6274	23.8734	23.867	23.9301	24.0229	23.6872	23.927	23.9561	23.5413	23.2268	23.8157
PROT_0449	22.1148	22.2926	22.2003	22.0079	22.3017	22.7005	22.676	21.9613	22.4521	21.9141	21.8856	22.3059
PROT_0450	23.1625	23.1901	23.0633	22.9887	22.9914	22.6824	22.9545	22.6357	22.5776	22.8698	22.6134	22.6807
PROT_0451	26.7501	26.351	26.6138	26.6332	26.4655	26.5612	26.5627	26.5795	26.6009	26.2348	26.4147	26.7593
PROT_0452	21.7549	21.6632	21.8826	21.5172	21.7348	21.6511	21.8446	22.0329	21.7498	21.3729	21.5576	21.5095
PROT_0453	24.7415	25.2195	24.9015	25.1256	25.3979	24.9465			24.9043	24.9005	24.8604	24.9368
PROT_0454	23.5959	23.4591	23.2688	23.1875	23.8344	23.6179	23.5338	23.3202	23.9653	23.3573	23.8428	23.32
PROT_0455	25.0694	25.1596	24.7911	25.1265	25.0577	24.9036	24.6164	24.777	25.0189	24.8911	24.651	24.9711
PROT_0456	20.6546	19.6591	20.1788	20.7318	19.8749	20.2948	20.173		19.8503	19.8467	20.3846	21.0059
PROT_0457	23.1442	23.2241	23.3393	23.3111	23.385	22.9202	22.9565	22.907	23.2099	23.2666	23.1858	23.1737
PROT_0458			17.9579		17.7116	17.0841			18.3109	17.4575		
PROT_0459	24.1883	24.3874	24.3851	24.3311	24.4888	24.3056	23.7439	24.3475	24.4456	23.9346	24.2862	24.0338
PROT_0460	23.2306	23.2049	23.1137	23.3392	23.1675	23.013	22.8365	22.7013	22.5778	22.9932	23.1411	23.3511
PROT_0461	21.8313	21.2093	21.7108			21.8074	21.9356	21.6242	22.0195	21.881	21.6458	21.7364
PROT_0462	26.8916	26.641	26.6469	26.8142	27.4287	27.3465	27.0169		26.7489	26.6082	27.1653	26.6491
PROT_0463	23.4442	23.2081	23.2502	23.5987	23.2969	23.4345	23.4545	23.2425	23.3013	23.2064	23.5886	23.4994
PROT_0464	25.9758	25.6508	25.6018	25.464	26.0459	25.9861	25.4597	25.6073	25.7409	25.9373	25.5062	25.7674
PROT_0465	23.8068	23.9086	23.8924		23.9679	24.1157	24.0282	23.798	24.3677	23.6788	23.7193	24.1994
PROT_0466	21.6814	21.9122	21.7536	21.395	21.9134	21.4572	21.6473	21.6854	22.1217	21.9235	22.1494	21.777
PROT_0467	23.6054	23.4474	23.781	23.7529	23.7081	23.6732	24.0085	23.7115	23.4578	23.6856	23.9386	23.3965
PROT_0468	22.7172	22.3124	21.9256	22.2754	22.188	22.5512	22.1036	22.1075	22.633	22.6195	22.4988	22.2242
PROT_0469	17.9022											
PROT_0470	25.362	25.4396	25.2568	25.363	25.2854	25.1003	24.8349	24.9197	24.8038	25.4384	25.3218	25.0841
PROT_0471	27.1015	26.9902	26.905	26.7879	26.8993	26.9878	26.6999	26.8114	27.0459	27.027	27.1402	26.7836
PROT_0472		27.5727	27.6474	27.5829	27.5965	27.6052	27.5588	27.5926	27.6098		27.8454	27.6602
PROT_0473	21.6603	22.0915	22.042	21.926	21.5369		21.4868	21.9674	22.0849	21.6322	22.1409	22.2239
PROT_0474	25.7075	25.9595	25.5554	25.7695	25.7255	25.6575	25.9981	25.6131	25.8741	25.7855	25.9043	25.8823
PROT_0475		19.1153	19.2756	20.0514	19.0809	18.886	19.0297	19.1006	19.2794	19.9359	19.1872	19.6348
PROT_0476	25.5692	26.0065	25.9747	25.9925	26.0867	26.2104	25.7543	26.1554	26.3907	26.0014	26.0939	26.1551
PROT_0477	23.5757	23.1282	23.2578	23.5812	23.1361	23.2751	23.2835	22.8991	23.4773	23.0143	23.4573	23.0628
PROT_0478	26.5759	26.6462	26.5253	26.4036	26.3967	26.1225	26.1876	26.1401	26.492	26.3548	26.4038	26.4905
PROT_0479	24.9896	24.8856	24.9725	24.6921	25.286	25.0528	24.7634	24.8092	24.7074	24.711	24.8064	24.7056
PROT_0480	20.5379	21.1713	20.7531	20.8611	20.6986	21.0874	21.177	20.431	21.9739	21.0293	20.9849	21.0136
PROT_0481	22.0427	22.2355	22.1269	22.3071	22.4246	22.382	22.1351	21.9402	22.5377	21.3654	22.3135	22.4276
PROT_0482	21.9295	21.8185	21.9541	21.7397	21.828	22.5224	22.0989	22.3604	22.2133	21.9798	21.7385	22.1168
PROT_0483	24.6721	24.3953	24.6581		24.5414	24.5099	24.7419	24.4817	24.2886	24.717	24.5051	24.4359
PROT_0484	25.736	25.778	25.646	25.5835	26.0152	25.7843	25.9945	25.8611	26.353	25.874	26.1034	26.0054
PROT_0485	18.409			18.3391	18.4899	18.2191	18.2696	18.5219		18.2284	18.5325	
PROT_0486	20.9274	21.1881	20.9944	21.5444	21.1777	21.4128	21.34	21.0389		21.4662	21.3801	21.0533
PROT_0487		24.021	24.6186	24.0422	24.534	24.5075	23.9438	24.1748	24.1407	24.1808	24.1252	24.362
PROT_0488	21.4485	20.8835	21.1423	21.006	21.3528	21.3332	20.9259	21.1222	21.3167	20.8851	20.9693	21.5421
PROT_0489	22.5883	22.9479	22.3901	22.725	22.667	22.9992	22.7332	22.747	22.6704	22.5906	22.5033	22.4383
PROT_0490	22.6911	22.762	22.9237	22.5667	22.9348	22.9949	23.1301	22.3754	22.9697	22.8981	23.0053	22.3622
PROT_0491	23.6967	23.4834	23.3911	23.3216	23.3365	23.5417		23.6221	23.8117	23.5392	23.5018	23.6578
PROT_0492	24.4904	24.5835	24.4353		24.1953	24.5497	24.342	24.5854	24.6231	24.8659	24.3	24.3485
PROT_0493	23.0681	23.0145	22.8324	22.8139	22.6659	22.9532	22.8009	22.9542	22.6513	23.2696	22.6437	22.9606
PROT_0494	23.9412	24.1465	24.1679	24.0331	23.9637	24.2743	24.1549	24.0509	23.9011	23.8926	23.8387	24.2724
PROT_0495	20.4067		20.1911	19.6589		20.1525	19.7478	19.9818		20.471		20.664
PROT_0496	21.7209	21.5867	22.2768	21.4705	21.8247	22.3295	21.9046	21.6015	21.2882	21.0056	21.6355	21.4874
PROT_0497	21.1518	21.3021	21.3658	21.8377	21.4046	21.6533	21.0017	20.8416	21.7336	21.9151	21.6764	21.2602
PROT_0498	25.3757	25.5212	25.4451	25.4992	25.4619	25.7069	25.6268	25.3246	25.3525	25.2678	25.3137	25.3191
PROT_0499	22.5928	22.4878	22.3168	22.5265	22.314	22.5311	22.3729	22.0274	22.741	22.6095	22.7344	22.0288
PROT_0500	24.4285	24.5737	24.6754	24.5087	24.2259	24.5175	24.2722	24.7323	24.4365	24.4027	24.3392	24.5567
PROT_0501		18.5751			17.2973		18.5178			17.8796	18.4872	
PROT_0502					19.7285	20.2787	19.6689	18.9194	19.8132	19.5725	19.1331	18.9469
PROT_0503		18.8116				18.6387		19.3513	19.1788		18.6995	
PROT_0504	24.4926	24.669	24.5611	24.2199	24.246	24.399	24.5988	24.3803	24.4693	24.2585	24.3677	24.3789
PROT_0505	20.8332	20.8344	20.6904	21.6283	21.1152	20.938	20.5284	20.8182	21.1061		20.8535	
PROT_0506	24.2006	23.649	24.4523	24.2427	24.258	24.1413	24.2172	24.0047	24.1759	23.8764	24.0921	24.1844
PROT_0507	20.5014	20.4501	20.9227	20.9969	20.9398	20.5269	20.47	20.6836	20.8161		20.4528	21.0992
PROT_0508	23.2397	22.9538	23.5371	23.3193	23.4104	23.4457	22.8687	23.2336	23.2261	23.1735		23.6031
PROT_0509	22.0031	22.153	22.1168	21.952	21.9982	22.3618	22.1101	21.9716	22.0972	21.7285	22.1412	21.9006
PROT_0510	19.1062	18.7733			19.1247					19.1203	19.1497	
PROT_0511	24.808	24.875	25.1702	25.0055	25.0473	24.918	25.1254	24.9981	24.9786		25.0988	24.7002
PROT_0512	23.7223	23.3593	23.6083	23.4589	23.908	23.5991	23.6697	23.5841	24.0579	23.3812	24.1617	23.1599
PROT_0513	23.7361	23.6968	23.9134	23.3321	23.676	23.6067	23.3043	23.501	23.7443	23.7202	23.8474	23.4988
PROT_0514	24.0492	23.8696	24.1485	23.9723	23.8493	23.9412	23.8907	23.8926	24.2884	23.9055	23.9773	23.9332
PROT_0515	21.3481	21.1182	21.2779	21.7787	21.5963	21.9249	21.348	21.3161	21.3539	21.4123	21.5409	21.7767
PROT_0516	23.3565	23.1397	23.1318	23.5421	23.3002	23.1727	23.1336	23.4115	23.0969	22.8945	23.4039	22.9149
PROT_0517	20.9183	21.3729	21.1633	21.3387	20.5583	21.0503	21.2352		21.1927	20.7232	20.9001	21.7578
PROT_0518	24.1978	24.679	24.16	24.4729	24.3945	24.3085	24.0567	24.2017	24.0238	24.0165	24.5113	24.2965
PROT_0519					19.6213	19.5015				20.2339	19.4587	19.9144
PROT_0520	27.7798	27.7683	27.805	27.4754	27.9533	27.6593	27.5608	27.7395	27.5638	27.5763	27.5042	27.6867
PROT_0521	24.3128	24.2	24.4676	24.5607	24.4852	24.7801	24.631	24.3851	24.6445	24.2279	24.3865	24.44
PROT_0522	23.6683	23.7855	23.5332	23.4223	23.7273	23.8359	23.5213	23.4338	23.7204	23.7153	23.4056	23.4671
PROT_0523	20.5996	20.5331		21.7139	20.2213	20.1514	21.7076	20.4841	19.9505	20.1552	20.5755	20.5937
PROT_0524	27.3616	27.4912	27.2253	27.4	27.3826	27.5942	27.255	27.2494	27.5264	27.0403	26.9741	27.2067
PROT_0525	24.6058	24.4372	24.3103	24.5097	24.6585	24.6382	24.4321	24.4994	24.4759	24.2555	23.971	24.4635
PROT_0526	25.68	25.4362	25.3666	25.3163	25.5437	25.5402	25.6405	25.2458	25.8578	26.071	26.0837	25.8867
PROT_0527	24.7287	24.7493	24.8538	24.9325	25.1493	25.6787	25.4061	25.481	24.3954	24.4427	24.3575	24.4669
PROT_0528	24.709	24.9012	25.1632	25.0776	25.2171	25.2557	24.9217	25.0877	25.1121	25.2647	25.2902	25.0122
PROT_0529	26.7125	26.4397	26.7292	26.7818	26.301	26.424	26.4989	26.1445	26.3088	26.4328	26.6235	26.547
PROT_0530	23.1496	23.0207	23.1982	23.0856	23.1512	23.0735	23.1868	23.0339	22.8505	22.9108	23.1718	22.9415
PROT_0531	24.0262	24.0833	24.0504	23.879	23.9073	23.7437	23.8487	23.7972	23.7735	23.3548	23.4126	23.742
PROT_0532	23.315	22.9472	23.0049	22.8654	23.2981	23.0039	23.1024	22.5761	23.2218	23.0851	23.02	23.0268
PROT_0533	23.398	23.6866	23.4208	23.315	23.7424	23.474	23.3596	23.437	23.7042	23.0937	23.4135	23.1334
PROT_0534	25.3503	25.5714	25.6997	25.4147	25.2711	25.6529	25.3389	25.7608	25.6182	25.4139	25.4394	25.7053
PROT_0535	26.7307	26.8357	26.6343	26.6846	26.5624	26.586	26.379	26.4043	26.9536	26.6592	26.7659	27.0837
PROT_0536	25.2121	24.9472	25.1436	25.5111	25.2568	25.1865	25.1361	24.9968	25.2211	25.0728	25.2417	25.0791
PROT_0537	26.4756	26.6481	26.6101	26.7269	26.5151	26.7398	26.5746	26.3788	26.5436	26.5797	26.681	26.5389
PROT_0538		24.4533	24.6613	24.527	24.312	24.2814	24.3977	24.326	24.1923		24.4162	24.1711
PROT_0539	20.3522	20.1638	20.8619		19.8137	20.2754	20.0514	20.0464	20.3196		20.4808	20.6482
PROT_0540	15.5897		16.3576		16.4998							
PROT_0541	21.7017	21.9515	22.3732	22.1673	22.1554	22.6544	21.7276	22.0969	22.6033	22.0248	22.0623	21.9827
PROT_0542	20.4869	20.1706	20.1725	20.1016	20.3969	20.0063	20.4479	20.3672	20.0346	20.1599	20.4172	20.9045
PROT_0543			18.8252		18.8259		18.4757		17.8989			
PROT_0544	25.4056	25.575	25.5429	25.4261	25.9087	25.6124	26.1284	25.6623	25.1942	24.9916	25.515	25.131
PROT_0545	24.2947		24.2886	24.3632	24.2546	24.5889	24.1328	24.1587	24.3207	23.9095	24.3237	24.1636
PROT_0546	21.789	21.9783	21.7989	21.5913	21.9812	22.2806	21.5607	21.527	22.232	21.9665	21.9724	21.711
PROT_0547								15.5665				
PROT_0548	20.8764	20.6576	21.0722	20.9841	21.3302	20.5763		21.1979	20.7252	20.698	21.2884	21.0737
PROT_0549	19.1479	18.2483	18.1074	18.4726	18.1501	18.2199	17.8308		17.8038		18.6694	
PROT_0550	25.6671	25.3951	25.4206	25.8343	25.93	25.6612	25.6955	25.5527	25.7596	25.4793	25.8696	25.537
PROT_0551	22.0709	22.1037	22.1277		22.3732	22.0556	22.1528	22.0513		22.0316	22.1197	21.6869
PROT_0552	25.8833	25.6907	26.0792	26.0246	26.0407	26.3367	26.0509	25.8837	26.1231	25.8913	26.06	25.9074
PROT_0553					17.3776							
PROT_0554			18.256	18.5992		19.7561	18.4984			18.2964		
PROT_0555	24.6663	24.3518	24.6781	24.67	24.4689	24.5208	24.3707	24.618	24.5968	24.4356	24.6106	24.4948
PROT_0556	24.3389	24.3836	24.4029	24.5215	24.5975	24.5279	24.5435	24.749	24.1699	24.3328	24.4078	24.3321
PROT_0557	20.6918	20.9572	21.0704	20.9236	21.3767	20.895	21.168	21.0688	20.8845	20.4704	20.6616	20.7763
PROT_0558	20.0064	20.0116	21.1498	20.5529	20.5518	20.1105	20.2229	20.2617	19.6795	20.323		19.9321
PROT_0559	24.2756	24.2	23.9519	24.0129	24.0801	24.0816	24.0236	24.1319	23.5923	23.9843	24.2103	23.9342
PROT_0560	22.1843	22.2577	22.2697	22.4102	22.6084	22.6326	22.1091	22.2523	22.1313	21.9211	22.0472	21.7126
PROT_0561	21.3708	20.9744	21.348			21.4625	20.9579	20.481	21.4557	20.9463	20.5841	20.8203
PROT_0562	20.825	20.4782	20.418	21.0495	21.0801	20.2776	20.605	20.1085	20.9821		21.086	21.3163
PROT_0563	24.5702	24.3635	24.8548	24.263	24.6353	24.4572	24.2135	24.0977	24.4853	24.3929	24.0224	24.4541
PROT_0564	25.0255	25.0551	24.9289	24.9471	24.7548	25.0214	24.8431	24.5474	24.9346	24.9504	25.1691	25.1441
PROT_0565	25.7479	26.0216	25.9133		26.2004	26.177	26.125	25.7995	25.8376	25.6864	25.6961	25.71
PROT_0566	25.8486	25.9894	25.7741	25.5763	25.9291	25.9744	25.8326	25.4697	25.7515	25.8483	25.5295	25.4229
PROT_0567		20.3017	20.4444	20.385	20.8856	20.1882		20.3716	20.6403	20.2696	20.4647	
PROT_0568	21.802	22.1436	21.6061	21.7483	21.9919	21.5679	22.027	21.7187	21.6983	21.7964	22.0305	21.5047
PROT_0569	26.2007	26.1898	26.2733		26.5428	26.5107	26.2581	26.0708	26.5574	26.1963	26.3342	26.2548
PROT_0570	20.7717	20.1999	20.6615		20.9353	19.9876	19.9515	20.3362	19.9662	20.3795	20.5596	20.1541
PROT_0571	23.6923	23.3153	23.356	23.5327	23.6946	23.6529	23.6862	23.4303	23.5663	23.3772	24.0031	23.4943
PROT_0572	23.8428	23.7524	23.7853	23.8147	24.1175	23.7513	23.9997	23.8517	22.8052	22.8428	22.7433	23.2502
PROT_0573	21.3167	21.2705	21.2209	21.0939	21.3223	21.1769	21.291	21.0553	20.7242	20.5162	20.7498	20.9756
PROT_0574	23.3599	23.0267	22.9108	23.5795	23.266	23.4133	23.5968	23.3886	23.4639	23.3487	23.1636	23.6388
PROT_0575	25.1466	25.3728	25.4292	25.2912	25.358		25.4639	25.2897	25.2102	25.3617	25.6427	25.8279
PROT_0576	27.8765	27.5731	27.6111	27.4971	27.8738	27.4724	27.7332	27.6066	27.5712	27.3193	27.6331	27.5877
PROT_0577	21.6531	21.937	21.8515	21.6207	21.8256	21.7124		21.8504	22.3493	21.4598	21.6808	21.7758
PROT_0578	21.8557	21.6362	21.4536	21.9233	21.9446	21.5892	21.8296	21.9724	21.6985	21.8814	21.7092	21.7465
PROT_0579	23.3992	23.5045	23.2535	23.5153	23.7599	23.6175	23.4098	23.3754	23.7814	23.3655	23.6757	23.8191
PROT_0580				19.4159				19.0838	18.411	18.8253	19.3614	
PROT_0581	23.3874	22.7466	23.0495	22.6853	22.9328	22.8288	23.0906	22.833	24.3057	23.5953	24.4826	23.8689
PROT_0582	18.6545	19.0598	19.2221			19.9548				18.9849	19.2437	18.6527
PROT_0583	24.4655	24.6318	24.8411	24.6041	24.5755	24.9926	24.6706	24.6432	24.3424	24.503		24.3628
PROT_0584	22.1351	22.0568	22.3882	22.3741	22.6006		22.1617	21.7799	21.7558	22.1033	22.6148	22.0761
PROT_0585	25.3971	25.7253	25.7102	25.4152	25.6837	25.843	25.6721	25.4408	25.8032	25.6623	25.5754	25.5251
PROT_0586	20.6619	20.9978	20.5722	20.5827	20.5553	20.719	20.0529	20.3408	20.3824	20.7163	20.4425	20.3398
PROT_0587	23.3318	23.346	23.7493		23.7575	23.5724	23.3367	23.3307	23.3519	23.0265	22.999	
PROT_0588	23.1577	22.8127	23.5804	23.1564	23.2133	23.5223	22.9919	22.8952	23.3358	23.4899		23.3671
PROT_0589	22.4235	22.3178	22.2073	22.6689	22.5285	22.3386	22.5341	22.7871	22.5354	22.3356	22.6262	22.5582
PROT_0590	25.2637	25.1527	25.1387	25.0867	25.2103	25.5478	25.2946	25.4447	25.1515	24.9765	25.0095	25.1909
PROT_0591	20.5176	19.9601	20.9272	20.1571	19.9811	20.7964	20.6464		20.7224	20.5935	20.5902	20.6086
PROT_0592	23.3454	23.35	23.4443	23.3681	23.4345	23.3785	23.4343	23.2846	23.5765	23.4161	23.3915	23.2647
PROT_0593	22.4446	22.3841	22.1287	22.7284	22.4023	22.7468	22.2146	22.2182	22.0768	22.2966	22.1976	22.1516
PROT_0594	21.4458	21.2139	21.2462	20.6682	21.3607	21.441	20.5103	20.7364	21.2042	21.3948	21.4171	21.5185
PROT_0595	26.2728	26.3213	26.3002	26.3431	26.273	26.5715	26.4642	25.8499	26.5488	26.1883		26.5358
PROT_0596	22.3453	22.5771	22.0395	22.0848	21.9518	22.4342	22.2456	22.2903	21.7993	21.419	22.0764	22.0175
PROT_0597	21.9601	21.4997	21.7395	21.7699	21.2475	21.7663	21.7583	21.5711	21.603	21.8055	22.1142	
PROT_0598	25.4146	25.2096	25.6136	25.4055	25.341	25.4321	25.5946	25.2109		25.3545	25.4857	25.3163
PROT_0599	21.9214	21.9115	21.7762	21.6462	22.1557	21.9894	21.9797	21.9864	22.3019	21.9177		22.2279
PROT_0600	22.296	22.4691	22.5534	22.7605	22.3002	22.079	22.2772	22.457	22.1998	22.2328	22.3539	22.1395
PROT_0601	21.1836	21.3008	21.352	20.8407	20.6529	21.3154	20.6758	21.4036	20.7834	20.6616	21.6702	20.6628
PROT_0602	24.5333	24.7381	25.069	24.6186	24.8581	24.5541	24.6239	24.5241	24.8367	24.6865	24.6062	24.8462
PROT_0603	24.2611	24.3662	24.3367	24.3116	24.3692	24.255	24.5375	24.586	24.39	24.0663	24.6085	24.1214
PROT_0604	20.5375	20.2749	20.8778		20.7285	20.3835	20.632	20.6037	20.7504	21.0702	20.8137	19.9235
PROT_0605	19.7624	19.7943	20.3008	19.1842	19.6796		20.2839	20.3509	20.3397	19.7456	20.7048	19.9797
PROT_0606	23.1738	23.7748	23.7799	23.6999	23.4816	23.7111	23.7038		23.4909	23.4782	23.6229	23.8169
PROT_0607	24.2277	24.3629	24.3467	24.3668	24.8325	24.3923	24.594	24.2605	24.4938	24.3288	24.804	24.4666
PROT_0608	21.1562	20.8651	21.5643	21.6438	21.7394	21.5006	21.4124	21.5183	21.9945	21.4213	21.5934	22.0566
PROT_0609	24.2562	24.0134	23.8644	24.2272	24.0085	24.1427	23.8462	23.8245	24.0862	24.3898	24.0426	24.1188
PROT_0610	25.9295	26.1828	25.8714	25.9817	26.158	25.9559	25.6665	26.1363	26.1372	26.1341	26.0704	26.1521
PROT_0611	20.8671	21.0328	21.08	20.8914	21.6843	21.2303	20.6579	20.8823	20.7058	20.8911	21.3457	21.2223
PROT_0612	24.7116	25.0359	25.0234	24.8119		25.025	25.0575	25.2233	24.8806	25.0672	24.8163	25.0446
PROT_0613	20.4921	21.0672	20.4851		20.2838	20.5137	20.7058	20.5367	20.5778	20.4507	19.9968	20.4975
PROT_0614	23.6899	23.8191	23.6926	23.8372	23.7406	23.8477	23.7905	23.5267	23.6631	24.0374	23.7536	23.4847
PROT_0615	22.9702	22.155	22.4594		22.7861	22.3593	22.8404	22.6704	22.6895	22.1769	23.0175	22.7048
PROT_0616	23.8055	23.9319	24.0658	24.0143	24.0365	24.2422	23.9487	23.8826	23.999	23.6573	23.9057	24.0725
PROT_0617	26.4844	26.6634	26.5535	26.8537	26.7982	26.883	27.1601	26.6159	26.6999	26.3785	26.8985	26.6514
PROT_0618	20.7825	19.9716	20.0791	20.4161		20.3959	20.4581	19.8374	20.2893	20.1741		20.6628
PROT_0619		18.8248	19.6072	19.4319	19.3776		18.4345	19.1606	19.4434	19.0245	18.9184	18.8505
PROT_0620	23.9498	23.9356	23.6945	23.8967	23.9163	23.6905	24.0228	23.5462	23.869	23.5216	23.7457	23.7656
PROT_0621	26.8283	26.8105	27.2402	26.5801	26.969	26.8679	26.8851	26.7458	26.8424	26.5287	26.7367	26.6427
PROT_0622	21.8673	22.0906	22.3053	22.3364	22.3273	22.544	22.09	21.8319	22.1785	22.3477	22.4191	22.8265
PROT_0623	19.2065	19.3886		19.4373	19.3097	19.5472	19.9543	19.1258	18.8704	19.9859		19.6481
PROT_0624							16.9325				15.8936	
PROT_0625	24.5276	24.7861	24.7299	25.1035	24.9368	24.485	24.3517	24.3281	24.4725	24.2779	24.7504	24.0781
PROT_0626	26.0028	26.0191	26.0071	25.8054		25.9184	26.2091	25.8122	25.9843	25.9038	25.7061	25.9085
PROT_0627	19.4188		19.8125	19.1088	19.1452	19.2556			19.1531		19.1618	19.707
PROT_0628	20.5124		20.4873	20.6366	20.3294	20.2124	19.8885	20.4966	20.7628		20.6536	19.9448
PROT_0629	23.056	22.7288	23.1315	22.8994	23.1939	22.9365	22.8989	22.7272	23.2457	22.8997	22.7919	22.9771
PROT_0630		22.2567	21.734		22.4352	22.0637	21.9469	22.0247	22.2523	22.2605	21.7376	22.0626
PROT_0631	24.4566	24.8464	24.4647	24.4035	24.7098	24.2263	24.4577	24.4847	24.4823	24.2583	24.4466	24.4462
PROT_0632	25.45	25.5698	25.5632	25.57	25.2634	25.6726	25.378	25.2942	25.4768	25.4683	25.4647	25.253
PROT_0633	26.6824	26.7015	26.7205	26.3453	26.8292	26.7216	26.4893	26.5517	26.8195	26.5378	26.3932	26.7729
PROT_0634	20.9776	21.5577	21.0175	21.3226	21.0707	20.9779	20.7725	20.9128	20.6889	21.1562	21.3437	
PROT_0635	22.5949	22.5886	22.6232	22.6814	22.9216	22.6157	22.7409	22.1031	22.5039	22.6762	22.435	22.6926
PROT_0636	25.8578	25.5595	25.9575	25.6453	25.7458	25.5349	25.6748	25.57	25.5277	25.9812	25.6598	25.7543
PROT_0637	22.2099	22.1664	22.4694	22.2673	22.0082	22.0025	22.0145	22.0174	22.3394	22.151	22.1306	22.1967
PROT_0638	23.2696	22.9711	23.2011	23.4823	23.4898	22.9668	23.087	22.6782	23.3496	23.1334	22.877	23.0372
PROT_0639	22.3428	21.3784	22.0076	22.0961	21.0862	21.0769	20.8606	20.9253	23.2049	23.2144	23.1539	22.6234
PROT_0640	26.6373	27.1114	26.9579	26.8971	26.9068	26.7707	26.8572	26.9361	26.2066	26.0464	26.3896	25.8884
PROT_0641	27.9472	28.0145	27.945	28.0278	28.199	27.7205	27.6452	27.9203	27.8325	27.8783	27.943	27.7774
PROT_0642	21.2016	20.9713	21.2596	21.1707	20.4654	21.1264		20.774	21.5394	21.0958	20.9577	21.203
PROT_0643	27.3032	27.4441	27.1504	26.7927	27.2894	27.3676	27.2889	27.2465	27.5079	27.3801	27.7125	27.5546
PROT_0644	19.933	20.1648	19.6822	20.4509	19.8737	20.1336	19.9042	20.1387	19.9185	19.6663	19.8455	19.3327
PROT_0645	22.2894	22.395	22.1143	22.0229	22.6258	22.8228	22.3277	22.5517	22.6818	22.3654	22.2332	22.2416
PROT_0646	23.5375	23.3553	23.3251	23.3478	23.3628	23.86	23.6723	23.2782	23.4278	23.1625	23.5282	23.4232
PROT_0647	22.7943		22.5314	22.0077	22.3131	22.6926	22.6423	22.5562	22.2156	22.7094	22.5889	22.6554
PROT_0648	21.0362	20.8874	21.4822	20.77	21.0631	20.5533	20.8187	20.9452	21.3782	20.6603	20.5224	20.534
PROT_0649	20.5311	20.0694	20.2859	20.1288	20.1979		19.5119	20.6677	20.0419	20.0021	19.3344	20.7374
PROT_0650												
PROT_0651	25.9858	26.1715	26.3484	26.1457	26.2729	26.2489	26.1811	26.2384	25.8851	26.1354	26.0083	25.8627
PROT_0652	28.0807	27.5688	27.8838	27.9421	28.0933	28.0877	28.2066	28.024	28.1023	27.5193	27.7426	27.6916
PROT_0653	22.077	22.0435	21.695	22.102	22.09	22.4053	22.6821	22.0545	21.6449	21.7022	21.7367	21.6632
PROT_0654	26.5504	26.5142	26.6786		26.8344	26.4983	26.5868	26.204	26.8272	26.8175	26.6242	26.6757
PROT_0655	26.5323	26.6507	26.7885	26.8164	26.5206	26.3055	26.5022	26.2977	26.8033	26.6034	26.5557	26.805
PROT_0656	26.5774	26.7817	26.5154	26.2994	26.5703	26.6951	26.76	26.4992	26.6662	26.671	26.6465	
PROT_0657	18.0185		17.6585			17.3582						18.209
PROT_0658	24.0632	23.359	23.9488	23.7803	23.8561	24.3449	23.8913	23.9472	23.9046	24.0821	23.8393	23.9311
PROT_0659	28.1129	27.8792	28.0548	27.9425	28.2094	28.0249	27.8759	27.9032	28.3205	28.2218	28.1632	28.2985
PROT_0660	22.534	22.5837	22.5743	22.9414	22.7414	22.7387	22.6861	22.4001	22.6835	22.494	22.8279	22.6766
PROT_0661	24.5963	25.083	24.6739	24.88	24.9232	24.7751	24.7731	24.7572	24.9357	24.5398	24.7663	24.6961
PROT_0662	22.6522	22.7305	22.9006	23.0447	23.0354	23.1501	22.5746	22.7149	22.4599	22.2904	22.958	22.7932
PROT_0663	25.4789	25.3174	25.7167	25.3288	25.5893	26.1019	25.343	25.544	25.3376	25.6455	25.5665	25.7417
PROT_0664					19.2723	18.9961	18.8153	18.7705	19.1258			
PROT_0665			18.9733		18.824				18.21		18.5558	
PROT_0666	22.239	22.6609	22.765	22.8433	22.9424	23.0011	22.7304	22.3735	22.9241	22.5669	22.6127	22.2722
PROT_0667	26.293	26.4179	26.1279	26.0609	26.2185	26.4264	26.2449	26.4457	26.364	26.5033	26.2292	26.4154
PROT_0668	23.0289	22.7864	23.314	22.906	22.8673	23.0207	22.8733	22.5247	22.745	22.7973	22.708	22.4755
PROT_0669		19.0858			19.0871	19.593		19.0255	19.1	19.2741		18.8808
PROT_0670	25.1477	24.6099	24.9718	24.9364	25.0355	25.1489	25.2316	24.9146	24.8894	24.9978	25.0621	24.9834
PROT_0671	23.8444	24.1746	24.0628		24.0749	24.0305	24.0031	23.8798	23.8116	23.8503	23.5933	
PROT_0672	20.8242	20.8958	20.8052	20.3468	20.7061	20.7478	20.9788		21.1563	20.875	21.1242	20.8717
PROT_0673		24.3918	24.5071	23.9702	24.5701	24.505	24.4859	24.2947	24.1782	24.5216	24.216	24.2221
PROT_0674	27.0611	27.3873	27.4788	27.7135	27.825	27.7317	27.6423	27.3438	27.6694	27.3616	27.5522	27.2545
PROT_0675	19.1407	18.889	19.4552	18.9661	19.1154	19.5345		18.7635	20.5811	19.2253		18.7933
PROT_0676			17.2397									
PROT_0677	20.0259		19.8377	19.65	19.3957	19.7451	19.8986	19.3573	20.3295		19.9757	
PROT_0678	20.8728	21.5445	21.6798	21.5451	21.1539	20.7321		20.5346	21.6742	20.9621	20.6052	20.983
PROT_0679	24.1509	23.9847	24.1148	24.1068	23.9456	24.0495	23.7469	23.6349	24.028	23.7795	23.8979	24.1154
PROT_0680	24.5722	24.2766	24.5913	24.5587	24.7489	24.4264	24.3085	24.1944	24.4629	24.4419	24.3638	24.6568
PROT_0681	20.4707	20.3683		20.33		20.4934			20.8379	19.8076	20.419	20.314
PROT_0682	20.2679		19.9721		19.3656	19.6252			19.8744	19.4315	19.6363	20.0625
PROT_0683							18.6649	17.5249		18.1829		18.3367
PROT_0684	26.9354	26.9514	27.0697	27.3012	27.0927	26.9982	27.0726	26.75	27.1083	26.8938	26.9501	27.2321
PROT_0685	28.5871	28.8684	28.5506	28.7832	28.6724	29.0099	28.7054	28.7903	28.3737	28.2397	28.6219	28.2889
PROT_0686	22.8694	22.7096	22.4268	22.9426	23.2662	22.8137	23.1527	22.7263	23.2958	22.6884	23.0035	22.8356
PROT_0687	25.7383	25.3555	25.7441	25.3985	25.5554	25.6754	25.6533	25.6196	25.527	25.6031	25.7679	25.6195
PROT_0688	23.7638	23.2424	23.9145	23.6006	23.5132	23.7059	23.5451	23.7267	23.6554	23.4754	23.2115	23.3271
PROT_0689	22.7435	22.9725	23.1539	22.6004	23.0396	22.9392	23.0437	22.7872	23.2491	22.611	23.2209	22.9272
PROT_0690		19.8621	19.0423	18.7274	18.5768		18.8442					19.6394
PROT_0691	20.6959	21.1795	20.8751	20.7352	20.4221	20.4453		20.1169	20.5359	20.9118	20.4516	20.9698
PROT_0692	21.7317	21.7747	21.9739	22.085	22.3202	22.3145	22.5603	21.6838	22.168	21.4939	22.0471	22.0844
PROT_0693	26.3607	26.7495	26.3331	26.256	26.9004		26.7708	26.6753	26.651	26.7714	26.6198	26.4859
PROT_0694	24.0385	24.0654	24.1182	23.76	24.1259	24.2868	23.9947	23.8561	24.0248	23.657	23.9134	23.9078
PROT_0695	20.4039	20.4555	21.4349	21.0003	21.0753	20.8294	21.3182	20.2593	21.4649	21.2241	20.646	21.1345
PROT_0696	26.4362	26.5704	26.6766	26.8141	26.7028	26.5832	26.6509	26.6364	26.8513	26.3091	26.8221	26.7338
PROT_0697	20.9457	20.594	20.3028	20.8932	20.7789	20.4418	20.4766	20.1323	20.7769	20.8685	20.53	20.6633
PROT_0698	22.8906	23.1153	22.8229	22.7351	22.6758	22.6924	22.6673	22.9424	22.7508	22.9578	23.1213	22.7767
PROT_0699	20.3906	20.0828	20.18	20.3777	20.2484	20.6053	19.9827	19.937	20.161	20.478	20.2983	20.5467
PROT_0700	27.9497	27.4921	27.8422	27.8968	27.8617		27.9336	27.7595	27.6104	27.6118	27.3762	27.5353
PROT_0701	24.4488	24.2706	24.4753	24.0362	24.1732	24.3385	24.2423	24.2088	24.5825	24.1391	24.4658	24.3271
PROT_0702		19.5815	20.091	20.1202	20.3749	20.3027	19.3545		19.9955		19.49	20.053
PROT_0703	22.3336	23.032	22.6321	22.0588	21.8225	22.2422	21.984	21.8459	21.7434	21.9062	21.4012	21.8633
PROT_0704	21.1378	21.5558	21.0101	21.1925	21.0257	21.1155	20.318	21.5717	21.0186	20.9335	21.046	21.0631
PROT_0705	22.2826	22.5508	22.7547	22.7216	22.6332	22.4885	22.3417	22.4108	22.5307	21.982	22.5011	22.4395
PROT_0706					19.4485	18.8603	19.1118		18.2344	18.5465	18.7581	18.9264
PROT_0707	23.469	22.9913	23.2607	23.5544	23.7057	23.0274	23.496	22.6809	24.059	22.8539	23.4187	23.2127
PROT_0708	22.7288	22.4005	23.063	22.7756	23.2402	22.6916	22.3331	22.4301	22.9628	22.709	22.9492	22.8943
PROT_0709	23.8512	24.1336	23.939	24.0812	23.6017	23.8986	24.0444	23.7548	24.1001	23.6231	24.0183	23.9992
PROT_0710	22.4424	22.4347	22.7458	22.3763	21.8471	22.8072	22.2387	22.226	22.4973	22.3762	22.2196	21.972
PROT_0711	20.2667	20.611	20.5822	20.5567	19.8302	20.9502	20.2456	20.6398	20.2134	20.2482	20.0801	20.2624
PROT_0712	22.9528	22.5463	22.4346	22.4319	22.5243	22.7003	22.5038	22.3653	22.5205		22.0413	22.5626
PROT_0713	28.8445	28.9372	28.9887	29.0203	29.097	29.3409	28.8631	28.9041	29.01	29.1686	28.8568	29.2434
PROT_0714	20.0383	20.3876	20.8372		21.2697	20.5929	20.1031	20.5208	20.5103	21.159	20.243	20.1424
PROT_0715	23.493	23.7054	23.4589	23.7371	23.1559	23.7287	23.5013		23.7588		23.5083	23.2169
PROT_0716	24.9665	24.7086	24.8483	24.8015	24.745	25.0539	24.9348	24.9651	24.9275	24.7203	24.7714	24.8159
PROT_0717	22.2575	22.166	22.2176	22.7024	22.4646	22.3892	22.7043	22.1118	22.4209	22.5475	21.9984	21.8159
PROT_0718	26.2491	26.0604	26.1266	26.3573	26.3516	26.5185	26.2528	26.0704	26.1569	26.0668	26.102	26.1006
PROT_0719	27.6136	27.8718	27.892	27.494	27.3394	27.4916	27.4892	27.3454	27.4658	27.339	27.7609	27.2838
PROT_0720	22.8918	22.8913	23.0611	22.7549	22.8634	22.6847	22.6079	22.4195	22.9125	22.6636	23.0794	22.8569
PROT_0721	19.9882	20.155	20.1805		20.1504	19.5704	20.0649	19.6024	20.1648		20.0029	20.4732
PROT_0722	22.9504	22.4086	22.891	22.9054	23.1905	23.0348	22.5656	23.01	23.0472	22.6284	23.1617	23.2838
PROT_0723	22.8606	22.8435	23.0535	22.6212	22.8082	22.9884	22.707	23.1563	23.1125	22.9739	22.6316	22.3902
PROT_0724	24.6878	24.6131	25.0033	24.9394	24.8162	24.5418	24.5825	24.8307	24.6445	24.4174	24.555	24.815
PROT_0725	25.6966	25.8543	25.9301	26.0397	25.8129	25.7775	25.7422	25.8401	25.8706	25.95	26.1198	
PROT_0726	25.7296	25.8838	25.8702	26.1946	26.0472	25.9878	26.0734	25.9884	25.6165	25.7713	25.7085	25.885
PROT_0727	26.0138	25.9745	26.0911	25.6635	26.0756	25.944	25.9853	25.8802	26.0369	25.7678	25.8392	25.9254
PROT_0728	24.4451	24.6719	24.7724	24.9473	24.8303	24.6197	24.9319	24.8869	24.6159	24.6816	24.5208	24.5339
PROT_0729			17.306	17.5942								
PROT_0730			20.4202	20.8899	20.4401	20.2012	20.55	20.3082	20.9314	20.5965	20.4126	20.6426
PROT_0731	21.9412	21.8965	21.6256	21.742	22.2291	21.6592	21.6965	21.6935	21.746	21.8738	22.0332	21.6483
PROT_0732	20.9477	21.1881	21.284	21.4993	21.5338	21.1325	21.7624	20.9085	20.9395	21.5699	21.1733	21.2612
PROT_0733		21.112	20.4038	20.8132	20.8056	20.8219	21.061	20.7666	20.8064	20.7809	20.4557	20.833
PROT_0734	24.8159	24.4336	24.537	24.5632	24.801	24.5727	24.7649	24.761	24.6528	24.399	24.4291	24.3133
PROT_0735	20.6484	21.0531	20.9032	20.4389	20.6713	20.3118	20.0812	20.2443	20.6653	20.1084	21.1023	
PROT_0736				18.4423				19.7037	18.4429		18.6049	
PROT_0737	27.4972	27.8013	27.7184	27.7614	27.8687	27.3134	27.6358		27.6663	27.4359	27.6322	27.4545
PROT_0738	24.2818	24.0505	24.1106	24.3406	24.2418	24.203	24.293	23.9514	24.2857	24.348	24.2988	24.1246
PROT_0739	23.2076	23.4795	23.6228	23.2582	23.34	23.6397	23.3891	23.1269	23.5815	23.1357	23.3599	23.1088
PROT_0740	20.9002	19.9271	20.1408	21.0556	20.5188	20.3096	19.9305	20.3697	20.8919	20.3838	20.1998	20.6333
PROT_0741	22.6051	22.8866	23.3249	23.2058	23.7378	23.4089	23.0694	23.1534	23.2672	22.6381	23.1237	22.8984
PROT_0742	25.3394	25.1715	25.4399	25.4093	24.9398	25.5584	25.2239	25.1039	25.3962	25.5262	25.2901	25.5706
PROT_0743	21.6124	21.7694	21.6834	21.2578	21.6169	22.0081	21.5871	21.6082		22.2788	21.7033	
PROT_0744	23.2256	22.947	23.248	22.9154	23.1655	22.8271	23.2584	23.1476	23.6152	23.5287	23.5944	23.4156
PROT_0745	19.8277	19.7206		20.0547	20.2871	19.4834	19.846	20.3681	19.4239	19.8479	19.6023	20.2653
PROT_0746	25.4889	25.1018	25.5183		25.2984	25.2305	24.9723	25.4993	25.6845	25.5193	25.2762	25.4213
PROT_0747	22.9892	23.4987	23.6093	23.1886	23.4606	23.2789	23.2727	23.2899	23.3413	22.9564	22.9583	23.0044
PROT_0748	22.9277	23.3376	23.3016	23.3886		23.3039	23.2276	23.4042	23.2923	23.0492	23.1191	22.9772
PROT_0749	24.7326	24.3772	24.7546	24.846	25.1457	24.4063	24.5523	24.4871	24.5742	24.4391	24.6945	24.4876
PROT_0750	25.0917	25.2052	25.1121	25.4868	25.3143	25.4838	25.4051	25.203	25.5122	25.0979	25.4014	25.5681
PROT_0751			19.024	17.6424	18.1213	18.756			18.9031	18.0672		
PROT_0752								19.1193		18.731	18.9474	
PROT_0753	25.7953	26.2999	26.018	26.0174	26.1437	26.1124	25.8382	25.7704	25.8398	26.1497	25.6761	26.2046
PROT_0754	28.6096	28.3916	28.5518	28.5426	28.3107	28.1852	28.2044		28.4204	28.1519	28.3001	28.3346
PROT_0755	21.4206	21.3593	21.6197	21.5131	21.2146	21.8767	21.4932	21.6275	21.7016	22.0189	21.8146	21.8248
PROT_0756	22.0192	22.036	21.836	21.9815	21.82	22.2045	21.9316	21.9738	22.0663	22.6746	21.8569	22.1095
PROT_0757	25.8096	25.7244	26.0052	25.2836	25.9201	26.0129	26.0984	25.7525	25.9907	25.6518	25.779	25.9731
PROT_0758	27.83	27.7619	27.8656	27.5143	28.9201	28.5272	28.4153	28.7134	27.916	27.7737	27.6066	27.7284
PROT_0759	23.9681	24.2945	24.1347	24.1554	24.0392	24.15	24.1806	23.9711	24.1185	24.1679	24.1325	24.094
PROT_0760	22.2453	21.735	21.7501	21.9502	22.0141	21.909	21.9479	21.2409	22.2395	21.7951	21.7108	21.6318
PROT_0761	23.3876	23.1857	23.7339	23.7453	23.492	23.2419	23.1593	23.2984	23.2114	23.5607	23.3263	23.5288
PROT_0762	26.59	26.3572	26.6745	26.425	26.5891	26.1919	26.4473	26.2416	26.5106	26.0595	26.3812	26.1949
PROT_0763	21.8976	22.0581	21.976	22.1023	22.1458	22.2327	22.0581	22.0478	22.4173	22.1922	21.9667	22.4738
PROT_0764	23.7511	23.8642	24.179	23.7023	24.0321	24.1215	23.8422	23.5562	24.0356	23.7697	23.6936	23.9724
PROT_0765	27.4978	27.4096	27.3933	27.5626	27.277	27.3154	27.1354	27.2455	27.5688	27.3995	27.1086	27.4386
PROT_0766	21.1004	20.5991	21.064	21.2209	21.2039	21.0887		21.0861	21.5064	20.9146	21.0444	21.0622
PROT_0767	23.8661	23.9328	23.9179	23.7518	23.4717	23.6408	23.8876	23.6586	24.417	23.6428	23.9647	23.8618
PROT_0768	26.6072	27.1492	27.0191	26.742	27.1184	27.1066	26.5429	26.6481	26.6301	26.5628	26.7427	26.4645
PROT_0769	20.8802	20.105	21.2085	20.7466	21.3578	20.7098	20.7781	20.2944	20.7914	20.7007	21.0376	20.9583
PROT_0770	26.7007		26.9138	26.6469	27.6751	27.6496	27.6451	27.4637	27.7519	27.6913	27.822	27.7046
PROT_0771			18.986	18.0149		18.5707				19.0208		18.2402
PROT_0772	23.1042	22.8243	23.0523	23.3657	23.2024	23.2176	22.5571	23.0828	22.9195	22.5822	23.0953	22.5821
PROT_0773	22.0276	21.8363	22.0992	21.7153	21.9276	21.9521	21.4191	21.6796	22.6288	21.8686	22.1113	22.2251
PROT_0774	22.2656	23.1944	22.224	22.7429	22.5606	22.4165		22.5494	22.4047	22.6847	22.7532	22.4884
PROT_0775	23.351	23.1583		23.5493	23.1158	23.404	23.3135	23.022	23.346	23.3722	22.8878	22.851
PROT_0776	21.6466	20.8334	21.5996	21.3288	21.3897	21.4333	21.3276		21.2571	21.3375	21.9203	21.8696
PROT_0777	21.7859	21.8764	21.4372						21.8165		21.4511	21.751
PROT_0778	24.5834	24.7239	24.8168	24.6821	24.368	24.4549	24.4511	24.109	24.5137	24.7278	24.3059	24.4802
PROT_0779	21.6449	21.6658	21.4226	21.3574	21.8132	21.1428	21.6703	21.5401	21.7094	21.5181	22.0506	21.6692
PROT_0780	24.5603	24.4728	24.6155	24.4446	24.5675	24.5977	24.5365	24.5037		24.4737	24.582	24.2625
PROT_0781	24.5505	24.4107	24.6362	24.0461	24.7756	24.3245	24.2952	24.4617	23.946	24.2287	24.4346	24.5304
PROT_0782	25.5656	25.485	25.5456	25.4348	25.5462	25.6	25.6694	25.3284	25.4794	25.6062	25.5826	25.4198
PROT_0783	23.1064	23.5041	23.5574	23.4213	23.2574	23.649	23.4556	23.1862	23.4734	23.4006	23.6698	23.2811
PROT_0784		19.2665	18.7904		18.7493			18.7909		19.7944	19.6188	
PROT_0785	20.7351	20.9301	20.7492	20.5669	21.2888		21.0911	20.4353	21.5235	20.535	21.0422	21.6621
PROT_0786	25.016	24.9105	25.1074	24.817	24.9136	25.1639	25.0358	24.5984	24.8659	25.056	25.0122	24.8752
PROT_0787	22.8262	22.0868	22.5457	22.3146	22.5078	22.2889	22.3586	22.3449	22.2803	22.1686	22.2989	22.3699
PROT_0788	23.4384	23.3588	23.3419	23.342	22.7895	23.053	23.5253	22.9947	23.4523	23.1828	23.1728	22.9051
PROT_0789	23.2951	22.9716	23.09	23.337	23.3912	23.1193	23.0259	22.948	23.4383	23.5924	23.0098	22.9556
PROT_0790	22.7008	22.0853	22.6459	22.3066	22.1674	22.1778	22.1962	22.1008	22.2153	21.9815	22.2753	22.3741
PROT_0791	25.1435	24.8686	25.1054	24.7971	24.8478	24.6674	24.8983	24.7024	24.9217	25.0098	24.4681	24.9346
PROT_0792	20.8967	21.2877	20.625	20.9276	21.0357	20.9307	20.6472	20.4773	20.9122	20.6412	21.2374	21.0681
PROT_0793		19.7738	19.66	19.4737	20.1228	20.1697	20.2577			19.5234	20.1463	19.9809
PROT_0794	20.4584	20.6312	20.1973	19.2524	19.8693	19.3856	19.0551	19.9618	20.0724	19.93	19.4165	
PROT_0795		17.6758	18.0956		18.6717				18.4942			
PROT_0796	23.548	23.6612	23.4389	23.355	23.4198	23.375	23.2022	23.0234	23.1749	23.067	23.5195	23.2884
PROT_0797	26.5722	26.4971	26.5148	26.5576		26.4325	26.5617	26.3283	26.7462	26.3199	26.6099	26.5848
PROT_0798	22.1297	21.5072	22.0421	21.6068	22.2822	22.0731	21.4439	21.7494	21.8175	21.4551	21.9276	21.7388
PROT_0799	22.6479	22.7743	23.187	23.1759	23.0322	22.7069	23.0564	23.0578	22.9912	22.8452	22.7608	23.0253
PROT_0800	21.6488	21.7933	21.4753	21.7835	22.0649	21.8416		21.4868	21.803	21.609	22.1327	21.6729
PROT_0801	21.2603	20.6214	21.4925	20.4331	20.436	20.3604	20.9166	20.6883	20.7273	21.0665	20.5918	20.3631
PROT_0802	26.4222	26.6326	26.4088	26.7136	27.0697	26.8635	26.6995		25.954	25.7721	25.9742	25.6677
PROT_0803	21.3627	21.6434	21.6617	21.3903	21.8358	21.379	21.5963	21.3806	21.2795	21.5235	21.2453	21.277
PROT_0804		18.9424						19.0148	18.5541	19.4004		18.2616
PROT_0805	25.4925	25.1876	25.1214	25.1451	24.9465	25.1946	25.797	25.0318		25.0034	25.1656	25.1313
PROT_0806	22.7107		22.7092	22.6093	22.806	23.0418	22.664	22.841	23.0393	22.9553	22.7882	23.1215
PROT_0807	23.5265	24.2467	23.5648	24.0005	24.0922	23.8135	24.153	24.0313	23.2835		23.9224	23.3783
PROT_0808	24.5962	24.8798	24.9002	25.0168	25.1984	24.8701	25.0	24.7461	25.2127	24.8888	25.0502	25.0195
PROT_0809	22.4883	22.6821	22.63	22.2571	22.6329	22.5017	22.5712	22.6079	22.4234	22.8958	22.2095	22.1042
PROT_0810	22.8334	23.0007	22.6166	22.634	22.58	22.7026	22.9179	22.3716	23.1744		23.0772	22.495
PROT_0811	18.8252	19.3577	18.778	19.476	19.6717	19.9065	19.0505	19.6921	20.2863	19.3458	19.4857	
PROT_0812	22.0998	21.9164	22.1607	22.3102	21.9199	21.8551	21.5122	21.7694	22.3667	21.2913	21.8541	22.0822
PROT_0813	20.0446	19.6746	20.3246	19.8866	19.2071	20.5606	19.78	20.073		20.1609	20.0356	
PROT_0814	26.0495	25.8251	25.7563	25.532	25.3941	25.6613	25.6984	25.4266	25.7038	25.7794	25.7685	25.3996
PROT_0815	22.8754	22.7226	23.1426	22.8457	22.4152	22.8123	22.8577	23.0236		22.7562	22.8939	22.6375
PROT_0816	22.2843	22.5451	22.4106	22.4779	22.6727	23.0073	22.393		22.4858	22.3259	22.2738	22.4825
PROT_0817	23.9652	24.2467	24.0023	23.8817	24.2366	23.9069	23.9393	24.0349	24.3469	24.2167	23.9791	23.8348
PROT_0818	22.4161	22.371	22.0206	22.1929	22.7495	22.5467	22.5109	22.1371	22.3154	22.1609	22.2499	22.1309
PROT_0819	28.329	28.0541	28.15	28.217	28.1849	27.9886	28.0212	27.8427	28.3119	28.219	28.354	28.1435
PROT_0820	25.2833	25.0824	25.354	25.3168	25.4342	25.4757	25.1931	25.7335	25.7555	25.6685	25.5386	25.633
PROT_0821	21.6722	21.7152	21.7887	22.2492	22.1338	21.3469	22.3925	21.0722	21.3566	21.9855	21.8231	22.3571
PROT_0822	21.5557	21.6756	21.8916	21.8033	21.8376	21.7787	22.0623	21.819	21.8064	21.744	21.8851	22.1047
PROT_0823	26.7676	27.0029	27.2339	27.372	27.0569	26.7865	26.8048	26.5907	27.3102	27.3933	27.2931	27.1561
PROT_0824	24.4353	24.2914	24.301	24.3403	24.5156	24.3732	24.2581	24.5496	24.6216	24.2464	24.5674	24.2259
PROT_0825	23.3722	23.5493	23.4899	23.544	24.0096	24.1788	23.5493	23.5157	23.7841	23.4453	23.4029	23.7992
PROT_0826	26.1914	26.5973	26.6287	26.6264	26.3135	26.4842	26.4572	26.4991	26.2199	26.3584	26.1829	26.2754
PROT_0827	24.448	24.2088	24.0141	24.1582	24.1736	23.7622	24.025	23.8795	23.2759	23.2564	23.3502	23.1852
PROT_0828	22.7084	21.8349		22.1109	22.6121	22.5148	22.5275	22.0674	22.7001	22.1281	22.3477	21.9968
PROT_0829			18.2927			19.5564	18.0341		17.4444			
PROT_0830	24.9949	24.7636	25.3606	25.0333	24.9436	24.9103	25.2383	24.9145	25.3665	24.9677	24.997	24.9544
PROT_0831	24.9383	25.22	25.0416	25.1033	25.5105	25.3283	25.0164	25.2252	25.2807	25.1799	24.993	25.2414
PROT_0832		17.7717			18.9824	19.277		18.4713		19.5246		
PROT_0833	19.5813	19.664	19.7702	19.9133	18.5032			18.7065	18.9605	19.4318	18.9669	19.0979
PROT_0834	23.4774	23.152	23.2444	23.6506	23.1831	23.2691	23.2206	22.7673	23.6199	23.4014	23.6255	23.5972
PROT_0835	18.5714					16.9014				18.4195	17.5422	17.2119
PROT_0836	19.5221	20.1947	19.6023	19.2971	19.5626	19.9683	19.6647		20.6079	20.1846	19.2137	20.0795
PROT_0837	19.5476	19.8523		19.934	20.4255	19.9335	20.1415	18.6775		19.7088	19.5006	
PROT_0838	22.7947		23.1081	22.6864	22.9582	22.9922	22.9172	22.7849	23.0066	22.513	23.4051	22.994
PROT_0839	26.9736	26.4741	26.4239	26.706	26.4632	26.4078	26.3453	26.5068	26.4759	26.1922	26.2718	26.2705
PROT_0840	21.791	21.9642	22.4502	21.9672	21.7307	22.0383	21.898	21.8023	22.0264	21.5974	21.8685	21.9069
PROT_0841		21.1903	21.0502	20.4858	20.7169	21.0766	21.1583	20.9545	20.644			20.3575
PROT_0842	22.2213	21.5474	21.5399	21.6414	22.6442	22.4204	21.9498	22.2568	21.7639	21.7589	22.2097	
PROT_0843	27.4893	27.4287	27.316	27.3102	27.6025	27.6953	27.4034	26.9587	27.3319	27.3191	27.7406	27.4239
PROT_0844	22.9836	23.0556	22.9919	22.4866	22.354	22.8256	22.6992	22.7823	22.8839	23.2877	22.8336	22.8266
PROT_0845				18.8079	18.6078	19.4567		18.6889	18.9233			18.017
PROT_0846	24.7878	24.9926	25.0112	25.0137	25.1031	25.124	24.9656	25.1208	25.0678	25.0661	25.3464	25.0777
PROT_0847												
PROT_0848	19.4207	18.3711		18.8553	19.6342	18.444	19.7868	19.0325	18.6289	18.9579		
PROT_0849	23.5533	23.3173	23.5044	23.4726	23.7004	23.6308	23.6059	23.4126	23.517	23.3312	23.5599	23.8091
PROT_0850	21.8782	22.0167	22.2488	22.056	22.4251	22.6479	21.8103	22.1597	21.7798	22.3598	22.1073	21.9168
PROT_0851	23.6558	24.0901	24.1869	23.9817	23.6216	24.1159	23.9963	23.6906	23.6206	23.7106	23.7936	24.1381
PROT_0852	20.2994	20.5427	20.7793	20.8251		21.1346	20.484	20.0055	20.5427	20.9074	20.8258	20.9328
PROT_0853	27.0092	26.8641	26.6059	26.4094	26.6918	26.7015	26.3139	26.3526	26.7708	26.8339	26.6581	26.6984
PROT_0854	22.614	22.957	22.977	23.1369	23.2902	22.8947	22.7529	22.2251	23.3857	22.6693	23.0421	22.8504
PROT_0855		24.2762	24.462	24.3337	24.7784	24.5742	24.682	24.7023	24.4964	24.2741	24.5682	24.7712
PROT_0856	21.1527	21.493	21.1889	21.7941	21.8637	21.3728	21.294	21.3012	21.3087	21.0535	21.4752	21.4976
PROT_0857	23.8793	23.8049	23.8977	24.0084	23.5911	24.26	23.8452	23.8702	23.8752	24.0485	24.1658	24.0859
PROT_0858	22.6136	22.4926	22.5729	22.711	22.492	22.6922	22.369	22.85	22.9948	22.4546	22.8638	22.7577
PROT_0859	19.038	19.0095	19.1803		18.4771	19.2786	19.2699		19.7566	18.9218	18.5445	18.6982
PROT_0860	20.0288	20.2874	20.3401	20.2153	19.7393	19.4971	20.4774	20.0954	19.5378	19.6557	19.7305	19.538
PROT_0861	21.4447	20.3396		20.7411		21.0493	20.793	20.2911		20.6213	21.008	20.522
PROT_0862	23.3767	23.5505	23.3824	23.3485	23.8384	23.281	23.6767	23.6939	23.6397	23.453	23.4992	23.7417
PROT_0863	22.0926	21.9404	22.1258	21.8476	22.4031	22.3266	22.0255	22.0824	22.426	21.911	22.1126	22.267
PROT_0864	21.1772	21.1207	20.3791	21.1034	21.0583		20.8146	20.8918	20.8277	20.3613		20.7364
PROT_0865	20.8093	20.7186	20.8966	20.8548	21.0106	20.9363	20.9408	21.0605		20.7992	21.3577	
PROT_0866	25.7864	25.7645	25.5848	25.3294	25.7907	25.8617	25.9029	25.6254	25.7385	25.9099	25.8966	25.5261
PROT_0867		21.0509		21.6493	21.7263		21.5464	21.7809	21.5394	21.4537	21.944	21.8266
PROT_0868	26.2596	26.324	26.4378	26.4637	26.8364	26.4525	26.6417	26.4736	26.2404	26.786	26.4081	26.3484
PROT_0869	24.5915	24.3944	24.7303	24.6259	24.601	24.4876	24.4124	24.5119	24.6297	24.6866	24.3342	24.5434
PROT_0870	19.2559		18.7901	19.3463	19.7462	19.8039	19.6188	20.0779	20.1065	19.4246		
PROT_0871	26.27	26.3469	26.1249	26.2673	26.3457	26.2953	26.2833	25.9876	26.7101	26.2592	26.5062	26.2853
PROT_0872	23.7939	23.8604	24.0442	23.8914	24.5268	24.3068	23.9857	24.0056	24.4415	23.879	24.2449	24.1282
PROT_0873	22.548	22.8258	22.5465	22.6224	22.4212	22.5462	22.7895	22.4069	22.4413	22.7493	22.2864	22.0849
PROT_0874	23.1754	23.2694	23.3009	23.0594	23.2196	23.0454	23.5364	23.2332	23.4117	22.8947	23.3402	23.2392
PROT_0875	24.1581	24.1737	24.1055	24.3754	24.5645	24.1429	24.4041	24.4487	24.9829	24.4333	24.504	24.3926
PROT_0876	24.3296	24.3255	24.2304	24.1226	23.6122	23.4141		23.6154	24.6836	24.3491	24.9745	24.5139
PROT_0877	24.6815	24.8491	24.6649	24.7581	24.8609	24.8906	24.8332	24.8959	24.4515	24.2664	24.5397	23.989
PROT_0878	22.8043	23.0327		22.7576	22.9147	23.0474	22.873	22.8307	22.9898	22.6205	22.885	22.7225
PROT_0879	22.6634	23.0621		23.0036	23.1068	23.2948		22.8068	22.9577	22.7218	23.0286	22.9323
PROT_0880	20.8561	21.7108		21.3597	21.1617	21.006	21.496	21.3158	21.2702	21.3525	21.5385	
PROT_0881	25.1194	24.9411	24.9828	25.4702	25.0918	25.4025	25.267	25.2397	25.0917	24.7909	25.2586	24.7294
PROT_0882	19.1703		19.9146	18.8033	19.1442		18.8456	18.6761	19.1117	19.3854	18.8628	
PROT_0883	23.9503	23.453	24.2824	23.8413	23.7926	23.7632	24.301	23.7882	23.7328	23.8327	23.9546	23.8701
PROT_0884	21.4596	21.6084	21.5008	21.4085	22.0756	21.2674	21.7132		21.5787	21.4489		21.1659
PROT_0885	22.3702	22.6383	22.394	22.2914	22.6078	22.3179	22.2031	22.2318	22.5059	22.4873	22.6071	22.1372
PROT_0886	21.3005	21.5546	21.4601	21.1546	21.5577	21.7052	21.151	21.7175	21.5218	21.5269	21.5513	21.9287
PROT_0887	23.8372	24.0373	23.879	24.2319	23.937	24.3272	23.9303	24.2813	23.9058	24.0007	23.7715	23.9598
PROT_0888	23.2815	23.1325	23.0973	23.398	23.1989	23.6795	23.4308	23.2525	23.27	23.2315	23.1879	23.2926
PROT_0889	20.233	19.7132	20.2915	20.6228	20.6296	20.2863		20.125	20.4249	19.8188	20.442	
PROT_0890	23.5297	23.2418	23.7568	23.2263	23.2927	23.9923	23.3227	23.3288	23.3766	23.1635	23.3163	23.0763
PROT_0891		20.8771	20.8669	20.985	21.0029	21.1341	21.3476	20.0477	20.5504	20.6357	21.0576	20.5752
PROT_0892		18.2187			19.4625			18.5736			19.4544	18.7419
PROT_0893	25.1566	25.2676	25.5325	25.6754	24.8513	25.1449	25.0855	24.5686	25.5267	25.3719	25.536	25.4579
PROT_0894	26.4231	26.3335	26.216	26.1296	26.4798	26.1695	26.2198	26.1399	26.3042	26.1949	26.4662	26.2455
PROT_0895		16.2677										
PROT_0896	23.2135	23.0852	22.6905	22.9568	23.2027	23.0844	22.7374	22.8615	22.9406	23.0118		23.2407
PROT_0897	22.7036	22.75	22.566	22.3944	22.376	22.7847	22.9846	22.6271	22.7829	22.6314	22.7985	22.8651
PROT_0898	25.2131	25.1444	24.9526	25.6271	25.354	25.3114	25.2454	25.0729	25.5151	25.0909	25.3112	25.491
PROT_0899	24.5288	24.584	24.2931	24.6265	24.4144	24.546	24.2526	24.289	24.4224	24.3074	24.5975	24.6333
PROT_0900	24.946	24.8521	24.9327	24.9925	25.2	25.0239	25.2367	25.3748	25.1766	25.0806	25.048	25.0199
PROT_0901	22.4631	22.2895	22.8401	22.6173	22.6616	22.4464	22.7853	22.8436	22.3241	22.686	22.5449	22.2342
PROT_0902	23.1306	23.4414	23.2134	23.4728	23.7117	23.1349	23.3979	23.644	23.6131	23.1469	23.5011	23.2757
PROT_0903	26.4623	26.3738	26.4487	26.4495	26.5968	26.3925	26.3559	26.4874	26.4219	26.4112	26.3758	26.663
PROT_0904	21.2778	21.8022	21.5643	21.7782	21.7484	21.672	20.807	21.7621	21.352	21.408	21.1058	21.5121
PROT_0905	20.0487	19.3383	19.8977		19.7546	19.702	19.3919	19.1554	19.7621	19.8553		20.7309
PROT_0906	23.3163	22.8046	23.4719	23.5552	23.42	23.2957	23.4063	23.715	23.5399	23.3511	23.4318	23.7266
PROT_0907	21.9449	22.4839	22.3651	22.2828	22.4544	22.6384	22.4845	22.2633	22.29	22.3245	22.4329	22.1059
PROT_0908	23.2016	22.9269	22.6454	23.0949	22.6461	22.715	22.9062	22.7787	23.0802	22.5033	22.6385	22.6852
PROT_0909	24.1016	24.3353	24.2956		24.2352	24.3379	24.2691	24.3428	24.3788	24.1924	24.3231	24.3063
PROT_0910	22.7577	22.9708	22.6984	23.0918	22.9241	23.0507	22.9452	23.3802	22.7658	22.7743	23.0119	23.1969
PROT_0911	25.7484	25.5695	25.8296	25.755	25.8413	25.9694	25.905	25.6258	25.6917	25.8439	25.7607	25.6267
PROT_0912	29.5196	29.4686	29.6666	29.4817	29.397	29.3721	29.6536	29.4641	29.6846	29.3983	29.2141	29.5886
PROT_0913	24.1068	24.1286	23.9856	23.9052	24.0824	24.1811	23.9348	24.3319	24.2116	23.7617	24.0007	24.4556
PROT_0914	22.7365	22.3416	22.4093	22.5332	22.3147	22.9625	22.7491	22.5579	22.1265	21.9618	22.6047	22.4429
PROT_0915	19.559	19.6734	19.604	19.6519		19.5763	19.0963	19.1176	19.8179	19.5675	20.2162	19.6641
PROT_0916	23.8419	23.7434	23.695	23.6024	24.2012	23.6516	24.0275	23.5699	23.8377		23.7172	23.7504
PROT_0917	26.0507	26.1818	26.4143	26.2009	26.641		26.7205	26.1587	26.107	26.1097	26.0565	25.9686
PROT_0918	24.3243	24.0048	23.879	24.381	23.7127	23.9126	23.9761	24.1995	23.8255	23.8238	23.8098	23.8573
PROT_0919	20.9366	20.1005	20.0241	20.4588	20.3432	21.4765		20.1274	20.8561	20.488	20.5566	20.7481
PROT_0920	25.827	25.8813	25.5703	25.7993	25.6484	25.9456		25.7866	25.9253	25.6833	25.989	25.7421
PROT_0921	23.9103	23.8287	23.9584	23.9084	24.3787	24.2571	24.1173	23.9141	24.075	23.9975	24.0267	24.206
PROT_0922	26.0627	26.3001	26.3143	26.1989	26.1668	26.1074	25.6434	25.9802	26.4812	26.1194	26.128	26.2932
PROT_0923	26.4766	26.2016	26.0412	26.4665	26.5448	26.4774	26.5904	26.7335	26.5051	26.5379	26.4327	26.3372
PROT_0924	24.4544	24.1458	24.2698	24.4812	24.3502	24.1645	24.2514	24.2832	24.8028	24.7077	24.4151	24.2278
PROT_0925	24.1056	24.1491	24.0204	23.8873	24.0437	23.8331	23.8724	24.0339	24.1199	24.007	23.7717	24.2898
PROT_0926	24.7539	24.3751	24.7722	24.5336	24.6984	24.6521	24.6195	24.3895	24.7708	24.3328	24.4723	24.8149
PROT_0927	23.9391	23.8406	24.1105	24.149	24.187	24.0147	24.1361	24.1502	24.0328	23.761	24.3665	24.2555
PROT_0928	18.7153	19.2563	18.6337		20.4188	19.8436		19.8976		19.2228	19.6868	20.0602
PROT_0929	20.8461	21.414	20.964	20.7286	21.4044	20.6644	20.5932	20.6497		20.3926	20.3215	20.9008
PROT_0930	28.378	28.6317	28.5564	28.5652	29.127	28.8411	28.8277	28.9239	27.8976		28.0088	27.8282
PROT_0931	23.9261	23.8917	24.3733	24.0212	24.1883	24.2013	24.3669	23.9807	23.9048	23.2545	23.6437	23.7179
PROT_0932	24.7293	24.6744	24.8541	25.0836	24.5811	24.8691	24.8322	24.7769	24.8827	24.6822	25.0112	24.8871
PROT_0933	20.2838	20.622	19.7067		20.4778	20.6666	20.0927	20.2296	20.3151	20.4972	20.6953	20.1969
PROT_0934	18.2189					17.8786						
PROT_0935	22.9694	23.07	22.605	22.5666	22.477	22.9712	22.7217	22.7323	22.669	22.7743	22.0591	22.5268
PROT_0936	20.4864		20.4941	20.4962	20.4871	20.4432	20.9515	19.8878		19.9673	20.6475	20.3271
PROT_0937	27.9166	28.0436	27.9436		28.0845	28.1813	28.1355	27.8747	28.0901	28.1205	28.2165	28.1051
PROT_0938	21.7695	21.9017	21.6796	22.1004	22.2821	22.2464	22.1979	21.8233	21.7755	22.1962	22.2241	21.8259
PROT_0939	26.4047	25.9474	26.1748	26.6118	26.0858	26.2099	26.2497	26.0703	26.0369	26.2864	26.1009	26.079
PROT_0940	27.3347	27.0331	27.3664	27.165	27.3329	27.2024	27.4093	27.1674	27.4889	27.1707	27.3444	27.4198
PROT_0941	22.8885	22.5395	22.9283	22.4673	22.3271	22.4394	22.6033	23.0082	22.7216	22.7651	22.7221	
PROT_0942		22.628	22.4636	21.9556	22.8003	22.1138	22.3758	22.5945	22.5635	22.2958		
PROT_0943	20.4308	20.575	20.6515	20.099	21.3149					20.4144	20.6003	20.9363
PROT_0944	23.657	23.5356	23.5315	23.6633	23.8563	23.4167	23.5639	23.3352	23.5627	23.304	23.0983	23.6602
PROT_0945	20.8485	20.2361	21.1382	21.5379	21.5193	20.5385	21.0104	20.7615	21.3422	20.9025	20.7949	
PROT_0946	22.9233	23.2842	22.7044	22.9502	23.1744	23.5324	23.0148	22.5516	23.1722	22.7602	23.3284	23.4847
PROT_0947	24.2369	24.5539	24.3925	24.8019	24.8931	24.374	24.6631	24.1455	24.5957	24.2083	24.3281	24.3675
PROT_0948	20.5105	19.873	20.5557	20.0796		20.213	19.8578	20.0144	20.1964	20.13		19.8958
PROT_0949	24.7624	25.2137	25.314	25.2487	25.2382	24.9392		24.9861	25.0416	24.8553	25.3709	25.0187
PROT_0950	23.8512	23.9325	24.0936		24.3554	24.223	23.9516	23.848	23.8799	23.6389	24.0925	23.815
PROT_0951	23.2218	22.5317	22.9869	22.349	22.9144	22.8402	22.4501	22.4756	22.6232	23.0287	22.7267	22.4258
PROT_0952	22.9279	22.7646	22.7588	22.9946	22.875	22.9276	22.5364	22.6963	22.7126		22.5105	22.8629
PROT_0953	24.7808	24.9306	25.0021	24.8693	25.0599	24.6128	24.7081	24.7142	25.1203		25.0432	25.0489
PROT_0954	23.7995	23.2173	23.6888	23.7014	23.121	23.2217	23.3941	23.4104	23.6034	23.0905	23.6343	23.313
PROT_0955	22.6765	22.5743	22.6265	22.9507	22.8724	23.1488	22.5881	22.6504	22.4412	22.2954	22.4001	22.5179
PROT_0956	23.1585	22.8174	22.9899	22.9495	23.2523	22.8167	23.2568	23.1617	22.9927	22.6996	23.1898	22.9494
PROT_0957	23.1764	23.1263	23.2969	23.427	23.1918	22.7102	23.048	23.241	23.2823	23.4527	23.0376	23.2757
PROT_0958	25.3526	25.3912	24.8999	25.5034	25.6869	25.564	25.7464	25.4413	25.3762	25.4061	25.7165	25.4837
PROT_0959	23.6086	23.0014	23.2667	22.8859	22.9849	23.077	23.3097	23.3841	23.3145	22.8879	23.5226	23.5224
PROT_0960	21.5107	21.5953	21.8764	21.6223	21.9434		21.4229	21.4062	21.7087	21.3424	21.6124	21.3946
PROT_0961												
PROT_0962	22.24	22.512	22.285	22.6264	23.9356		23.8816	23.7199	22.1035	22.2105	22.6563	22.3443
PROT_0963	22.0644	22.5288	22.1702	22.1206	21.9507	22.346	21.989	21.8142	22.3789	22.0587	21.5884	21.9949
PROT_0964	22.4357	22.7558	22.5594	22.1621	22.7393	22.7176	22.2073	22.4464	22.9169	22.0812	22.095	22.6185
PROT_0965	25.6295	25.6248	25.5965	25.7529	25.855	25.8797	25.601	25.5131	25.6494	25.7151	25.386	25.8375
PROT_0966	21.4075	21.6789	21.5034	21.7891	21.6048	21.9136	21.2952		21.3533	21.4212	22.0539	21.5543
PROT_0967	26.7213	26.5195	26.7518	26.6864	26.7068	26.6522	26.6331	26.6265	27.0239	26.7249	26.6213	26.8082
PROT_0968	25.2521	25.001	24.9051	24.954	24.9124	24.8434	24.9925	24.721	24.9679	25.2054	25.1516	25.051
PROT_0969	24.5733	24.6436	24.81	24.4692	24.4122	24.55	24.1346	24.1576	23.9237	23.7013	24.2058	24.1624
PROT_0970	28.881	28.6685	28.7059	28.9791		28.6022	28.8079	28.7554	28.8695	28.6443	28.9053	28.9749
PROT_0971	28.1123	27.7718	27.847	28.0181	28.0447	28.1157	27.888	27.9009	28.2096	27.9723	28.0787	28.2363
PROT_0972	26.7062	26.9517	27.1116	26.9988	27.161	26.7334	26.9573	26.7224	26.6331	26.9077	26.9095	26.6729
PROT_0973	21.2546	21.1546	21.8058	20.9081	21.3979	21.3449	21.2866	21.7086	20.7944	21.0421	20.9048	21.1093
PROT_0974	22.4292	22.9118	22.8958	22.1165	22.8036	22.7345	21.9747	22.2143	22.3701	22.7199	22.8315	22.3766
PROT_0975	20.2043	19.9286	20.6514	20.0915	20.5518	20.8958	20.7938	20.6555	19.6519	19.9196	20.1643	19.8769
PROT_0976	22.2835	22.2992	21.8782	22.2697	22.4763	22.4581	22.3493	22.264	22.4568	22.2681	22.1058	22.5243
PROT_0977	23.6062	23.6856	23.6881	23.5701	23.3424	23.3572	23.1782	23.0685	23.1347	23.1717	23.0303	23.2018
PROT_0978	21.1615	22.0283	21.3917	21.7652	21.6044	21.3712	21.4039	21.3348	21.4129	21.6803	21.6462	
PROT_0979	23.9401	23.8245	23.9248	24.0218	24.2122	24.2956	24.3306	24.1431	24.1953	24.0384	24.1436	23.9739
PROT_0980	24.8111	24.6956	24.8368	24.2166	24.6312	24.786	24.7712	24.5915	25.037	24.4327	24.4279	24.6647
PROT_0981	25.5593	25.2702	25.3292	25.2564	25.511	25.5092	25.5287	25.0466	25.0795	25.4541	25.317	25.0174
PROT_0982	23.6917	23.1974	23.376	23.584	23.4685	23.4742	23.2548	23.1995	23.2546	23.0999	23.4022	23.5671
PROT_0983	22.5064	22.5769	22.8344	22.708	23.3438	23.8588	23.4397	23.2255	23.4217	23.3927	23.3597	23.6039
PROT_0984	22.9572	22.5704	22.8906	23.0671	23.0639	22.6705	23.0059	22.8656	22.3907	22.8477	22.6285	22.8324
PROT_0985	20.5381	19.6039	20.1198	20.0071	20.7177	20.1259	20.7583	20.1984	20.0029	20.1745	20.4308	20.1046
PROT_0986	21.9718	22.0095	22.2893	22.3957	22.5778	22.5701	22.7847	22.3509	22.62	22.0987	22.5863	
PROT_0987	22.1511	22.1659	22.1143	21.959	22.3237	22.4282	21.9223	21.6336	21.8527	21.8746	21.9793	22.0623
PROT_0988	21.7742	22.0721	21.6633	22.4424	22.2566	22.1922	22.366	22.1352	21.9507	21.4638		22.0712
PROT_0989	21.3363	21.2756	21.8257	21.2227	21.2862	21.7078	20.8453	21.6624	21.6974	21.4116	21.1489	21.6873
PROT_0990	22.1539	22.4567	22.8402	22.115	22.4968	22.2801	22.3217	22.4798	22.7544	22.5484	22.0296	22.3537
PROT_0991	25.9712	25.9382	25.4918	25.7091	25.772	25.8167	25.6608	25.5929	26.0615	26.0331	26.0604	25.9027
PROT_0992	24.1674	23.8594	23.6928	23.747	23.7246	23.7047	23.8854	23.3329	23.572	23.5317	23.7653	23.8678
PROT_0993	22.9957	23.1044	22.9645	22.8053	22.9585	22.8361	22.6546	22.8392	22.949	23.0613	23.2874	22.954
PROT_0994	21.2375	21.5238	21.4351	21.2787	21.0202	21.2286	21.6363		21.4649	21.8677	21.5084	20.9939
PROT_0995	23.1129	23.0514	23.5207	22.993	23.1656	23.4457	23.1755	23.1864	23.1579	23.008	23.2151	23.206
PROT_0996	21.2129	21.5679	21.4371	21.4132	21.5504	21.2226	21.5682	21.6917	21.6092	21.4426	21.2307	21.2532
PROT_0997	21.7688	21.4855	21.6929	21.9624	22.2901	22.1167	21.6552	21.6016	21.8435	21.5423	22.0573	21.8614
PROT_0998	23.2789	23.0843	23.6255	23.5029	23.0745	23.2544	23.2773	23.3398	23.5163	23.1736	23.294	23.2987
PROT_0999	21.4145	22.2376	21.9542	22.3154	21.7406	21.3053	21.603	21.2891	22.2252	22.03	22.4089	22.3342
